"output","group","factor","mu","mu.star","sigma"
"Intact_Template_Yield","process","rpm",0.0777440887766716,0.0777440887766716,0.0868154264719075
"Intact_Template_Yield","process","delta_rpm",0,0,0
"Intact_Template_Yield","process","r_pool",0.00548653769727231,0.00548653769727231,0.00481599374036225
"Intact_Template_Yield","process","flow_rate_lpm",-0.08873809931281,0.08873809931281,0.0957337024420433
"Intact_Template_Yield","process","feed_solid_frac",-0.214145182125255,0.214145182125255,0.209172000272509
"Intact_Template_Yield","process","feed_gas_frac",-0.0907584469569858,0.0915593611653124,0.124173246510175
"Intact_Template_Yield","process","pop_frac",-0.00357343475548804,0.00360862596531022,0.0121954156249119
"Intact_Template_Yield","process","T_process",0.0606041907936,0.0606041907936,0.05524330891599
"Intact_Template_Yield","process","P_feed",0,0,0
"Intact_Template_Yield","process","gas_sat_frac",0,0,0
"Intact_Template_Yield","process","D_b",0.000490867161578201,0.00303073682175371,0.00755565299679384
"Intact_Template_Yield","surface","HLB_value",-0.00208149927641468,0.002467838035694,0.011411822352258
"Intact_Template_Yield","surface","surf_dose_kg_m3",0,0,0
"Intact_Template_Yield","surface","t_recover_sec",-9.3742373134346e-08,9.3742373134346e-08,4.68637893858161e-07
"Intact_Template_Yield","surface","I_strength",-1.66247760095365e-05,1.70609476573584e-05,6.51270558715464e-05
"Intact_Template_Yield","surface","Delta_pH",1.1500861561579e-05,1.15064694017712e-05,3.94674376031182e-05
"Intact_Template_Yield","surface","contact_angle_deg",-2.66028229154151e-05,3.09094241343585e-05,0.0001428141081505
"Intact_Template_Yield","additive","plasticizer_frac",0.0263670220822101,0.0313538442242704,0.0597025571040516
"Intact_Template_Yield","additive","C_monomer",0,0,0
"Intact_Template_Yield","additive","C_binder",0.000292998810757816,0.000329488180057077,0.000586301257936809
"Intact_Template_Yield","additive","chi_parameter",0,0,0
"Aggregate_Survival","process","rpm",-6.19004397538851e-05,6.19004397538851e-05,0.000197840175506842
"Aggregate_Survival","process","delta_rpm",0,0,0
"Aggregate_Survival","process","r_pool",-4.69126477267897e-06,4.69126477267897e-06,1.6047483553748e-05
"Aggregate_Survival","process","flow_rate_lpm",-3.9578060674561e-06,3.9578060674561e-06,1.28829149559387e-05
"Aggregate_Survival","process","feed_solid_frac",4.00169546780201e-05,4.00169546780201e-05,0.000169161152260166
"Aggregate_Survival","process","feed_gas_frac",4.5948977117923e-06,4.5948977117923e-06,1.15940066225971e-05
"Aggregate_Survival","process","pop_frac",-2.99791929577372e-08,2.99791929577372e-08,1.03355623335378e-07
"Aggregate_Survival","process","T_process",-1.10852152797788e-07,1.10852152797788e-07,4.97075394770333e-07
"Aggregate_Survival","process","P_feed",0,0,0
"Aggregate_Survival","process","gas_sat_frac",0,0,0
"Aggregate_Survival","process","D_b",3.67932954126182e-07,7.51030678188454e-07,2.69111677041901e-06
"Aggregate_Survival","surface","HLB_value",3.73354717180992e-06,3.73354717180992e-06,9.79492102268698e-06
"Aggregate_Survival","surface","surf_dose_kg_m3",0,0,0
"Aggregate_Survival","surface","t_recover_sec",-9.41408130635442e-08,9.41408130635442e-08,4.70630089378703e-07
"Aggregate_Survival","surface","I_strength",-1.28592856637096e-07,1.28592856637096e-07,3.27661877201856e-07
"Aggregate_Survival","surface","Delta_pH",1.36755117711533e-07,1.36755117711533e-07,3.77419760946066e-07
"Aggregate_Survival","surface","contact_angle_deg",1.55025538510027e-07,1.65417581217871e-07,5.25718642007214e-07
"Aggregate_Survival","additive","plasticizer_frac",0.000165778501405363,0.000165778501405363,0.000302062513198628
"Aggregate_Survival","additive","C_monomer",0,0,0
"Aggregate_Survival","additive","C_binder",7.44288801099113e-05,7.44288801099113e-05,0.000213270192275618
"Aggregate_Survival","additive","chi_parameter",0,0,0
"Aggregate_Destruction","process","rpm",6.19004397538851e-05,6.19004397538851e-05,0.000197840175506842
"Aggregate_Destruction","process","delta_rpm",0,0,0
"Aggregate_Destruction","process","r_pool",4.69126477267897e-06,4.69126477267897e-06,1.6047483553748e-05
"Aggregate_Destruction","process","flow_rate_lpm",3.9578060674561e-06,3.9578060674561e-06,1.28829149559387e-05
"Aggregate_Destruction","process","feed_solid_frac",-4.00169546780201e-05,4.00169546780201e-05,0.000169161152260166
"Aggregate_Destruction","process","feed_gas_frac",-4.5948977117923e-06,4.5948977117923e-06,1.15940066225971e-05
"Aggregate_Destruction","process","pop_frac",2.99791929577372e-08,2.99791929577372e-08,1.03355623335378e-07
"Aggregate_Destruction","process","T_process",1.10852152797788e-07,1.10852152797788e-07,4.97075394770333e-07
"Aggregate_Destruction","process","P_feed",0,0,0
"Aggregate_Destruction","process","gas_sat_frac",0,0,0
"Aggregate_Destruction","process","D_b",-3.67932954126182e-07,7.51030678188454e-07,2.69111677041901e-06
"Aggregate_Destruction","surface","HLB_value",-3.73354717180992e-06,3.73354717180992e-06,9.79492102268698e-06
"Aggregate_Destruction","surface","surf_dose_kg_m3",0,0,0
"Aggregate_Destruction","surface","t_recover_sec",9.41408130635442e-08,9.41408130635442e-08,4.70630089378703e-07
"Aggregate_Destruction","surface","I_strength",1.28592856637096e-07,1.28592856637096e-07,3.27661877201856e-07
"Aggregate_Destruction","surface","Delta_pH",-1.36755117711533e-07,1.36755117711533e-07,3.77419760946066e-07
"Aggregate_Destruction","surface","contact_angle_deg",-1.55025538510027e-07,1.65417581217871e-07,5.25718642007214e-07
"Aggregate_Destruction","additive","plasticizer_frac",-0.000165778501405363,0.000165778501405363,0.000302062513198628
"Aggregate_Destruction","additive","C_monomer",0,0,0
"Aggregate_Destruction","additive","C_binder",-7.44288801099113e-05,7.44288801099113e-05,0.000213270192275618
"Aggregate_Destruction","additive","chi_parameter",0,0,0
"Heavy_Solid_Yield","process","rpm",0.0546628201344685,0.0546642941688267,0.068162764231207
"Heavy_Solid_Yield","process","delta_rpm",0,0,0
"Heavy_Solid_Yield","process","r_pool",0.00489107666881803,0.00489107666881803,0.00457046033717705
"Heavy_Solid_Yield","process","flow_rate_lpm",-0.0604948978230379,0.0604948978230379,0.0642520528433856
"Heavy_Solid_Yield","process","feed_solid_frac",-0.328616252671291,0.328616252671291,0.276805496120844
"Heavy_Solid_Yield","process","feed_gas_frac",-0.175986608997081,0.176395901101883,0.209092510280358
"Heavy_Solid_Yield","process","pop_frac",-0.00480606906494128,0.00480606906494128,0.0177077186327539
"Heavy_Solid_Yield","process","T_process",0.0424685328769344,0.0439389447665729,0.0394530048322641
"Heavy_Solid_Yield","process","P_feed",0,0,0
"Heavy_Solid_Yield","process","gas_sat_frac",0,0,0
"Heavy_Solid_Yield","process","D_b",-0.00340382063267486,0.00340382084500872,0.00756680683289112
"Heavy_Solid_Yield","surface","HLB_value",0.00237211249602517,0.00237211249602793,0.0108284973306223
"Heavy_Solid_Yield","surface","surf_dose_kg_m3",0,0,0
"Heavy_Solid_Yield","surface","t_recover_sec",-6.55526140776649e-10,6.55548382244575e-10,3.27768723687414e-09
"Heavy_Solid_Yield","surface","I_strength",-1.71818755970573e-05,1.71818770835423e-05,6.49955582841734e-05
"Heavy_Solid_Yield","surface","Delta_pH",1.21053696923427e-05,1.21054078521069e-05,3.96071767662245e-05
"Heavy_Solid_Yield","surface","contact_angle_deg",-3.19248353042404e-05,3.20083583719618e-05,0.000141949732003407
"Heavy_Solid_Yield","additive","plasticizer_frac",-0.129897583252152,0.14391058162495,0.153740450038251
"Heavy_Solid_Yield","additive","C_monomer",0,0,0
"Heavy_Solid_Yield","additive","C_binder",0.000277806840037498,0.000277816212691018,0.000539435740341972
"Heavy_Solid_Yield","additive","chi_parameter",0,0,0
"Yield_Loss_Centrate","process","rpm",-0.0596707988046611,0.0596707988046611,0.0701903655384034
"Yield_Loss_Centrate","process","delta_rpm",0,0,0
"Yield_Loss_Centrate","process","r_pool",-0.00505716927088253,0.00505716927088253,0.00445452556164322
"Yield_Loss_Centrate","process","flow_rate_lpm",0.0651356135701656,0.0651356135701656,0.0735064869432627
"Yield_Loss_Centrate","process","feed_solid_frac",0.292930912305659,0.292930912305659,0.25236315106941
"Yield_Loss_Centrate","process","feed_gas_frac",0.151196352934935,0.151605645039737,0.181703044852043
"Yield_Loss_Centrate","process","pop_frac",0.00436331292628852,0.00436434815285266,0.0156784736033458
"Yield_Loss_Centrate","process","T_process",-0.0474143897307256,0.0474143897307256,0.0429221201456234
"Yield_Loss_Centrate","process","P_feed",0,0,0
"Yield_Loss_Centrate","process","gas_sat_frac",0,0,0
"Yield_Loss_Centrate","process","D_b",0.00474031099725561,0.00474031579354008,0.010507259380933
"Yield_Loss_Centrate","surface","HLB_value",-0.000836367134458123,0.000836496343836372,0.0031926963439402
"Yield_Loss_Centrate","surface","surf_dose_kg_m3",0,0,0
"Yield_Loss_Centrate","surface","t_recover_sec",6.55529408533084e-10,6.55545114488139e-10,3.27768655595071e-09
"Yield_Loss_Centrate","surface","I_strength",1.69705384521546e-05,1.69872549328283e-05,6.50276005241848e-05
"Yield_Loss_Centrate","surface","Delta_pH",-1.18720392081162e-05,1.18734366038413e-05,3.95415538261097e-05
"Yield_Loss_Centrate","surface","contact_angle_deg",3.03618174914015e-05,3.04452817663892e-05,0.000141859652291999
"Yield_Loss_Centrate","additive","plasticizer_frac",0.0824004905019178,0.09763914847938,0.102830177157273
"Yield_Loss_Centrate","additive","C_monomer",0,0,0
"Yield_Loss_Centrate","additive","C_binder",-0.000318780844796218,0.000318788170375576,0.00057688701549433
"Yield_Loss_Centrate","additive","chi_parameter",0,0,0
"Cut_Size_d50c_um","process","rpm",7.82892318894547,13.9985155249984,55.3041133317482
"Cut_Size_d50c_um","process","delta_rpm",0,0,0
"Cut_Size_d50c_um","process","r_pool",-0.216115562692989,0.216115562692989,0.156433820492726
"Cut_Size_d50c_um","process","flow_rate_lpm",4.00878501706834,4.00878501706834,4.7899560386308
"Cut_Size_d50c_um","process","feed_solid_frac",33.0767006595124,33.0767006595124,88.6260224221779
"Cut_Size_d50c_um","process","feed_gas_frac",29.9736549588429,30.0147632032932,88.877833653266
"Cut_Size_d50c_um","process","pop_frac",0.131035265501698,0.131035265501698,0.415079346527292
"Cut_Size_d50c_um","process","T_process",-2.24442716111764,2.24442716111764,2.10227938110113
"Cut_Size_d50c_um","process","P_feed",0,0,0
"Cut_Size_d50c_um","process","gas_sat_frac",0,0,0
"Cut_Size_d50c_um","process","D_b",0.156069888718152,0.1560698951936,0.345017038464742
"Cut_Size_d50c_um","surface","HLB_value",-10.9218686831664,10.9218686831664,54.5669030292757
"Cut_Size_d50c_um","surface","surf_dose_kg_m3",0,0,0
"Cut_Size_d50c_um","surface","t_recover_sec",1.01019350662312e-08,1.01019370794357e-08,5.05096394802134e-08
"Cut_Size_d50c_um","surface","I_strength",0.000796596744927351,0.000796596751302163,0.00333665272908837
"Cut_Size_d50c_um","surface","Delta_pH",-0.000518531530184448,0.000518531636202043,0.00181703946244502
"Cut_Size_d50c_um","surface","contact_angle_deg",0.00153542614353749,0.00154139609374164,0.00728631935292306
"Cut_Size_d50c_um","additive","plasticizer_frac",23.3844915396431,25.0662573194442,84.0140518646091
"Cut_Size_d50c_um","additive","C_monomer",0,0,0
"Cut_Size_d50c_um","additive","C_binder",-0.0118270099505807,0.0118272331590342,0.0228194615164696
"Cut_Size_d50c_um","additive","chi_parameter",0,0,0
"Cake_d50_um","process","rpm",-2.35280607433763,2.35280607433763,3.17397731339512
"Cake_d50_um","process","delta_rpm",0,0,0
"Cake_d50_um","process","r_pool",-0.169384997420291,0.169384997420291,0.197495635516113
"Cake_d50_um","process","flow_rate_lpm",2.56490756367175,2.56490756367175,3.17707782134668
"Cake_d50_um","process","feed_solid_frac",6.45242999297543,6.45242999297543,7.99432113018753
"Cake_d50_um","process","feed_gas_frac",2.73217567714213,2.75621204660122,4.14682351880351
"Cake_d50_um","process","pop_frac",0.0214350066921258,0.0924562775041383,0.311363470963772
"Cake_d50_um","process","T_process",-2.00086191041495,2.00086191041495,2.16733022804783
"Cake_d50_um","process","P_feed",0,0,0
"Cake_d50_um","process","gas_sat_frac",0,0,0
"Cake_d50_um","process","D_b",0.111121067376428,0.111121075280171,0.252810641360743
"Cake_d50_um","surface","HLB_value",0.0695611473942359,0.0803837622471813,0.376187092204686
"Cake_d50_um","surface","surf_dose_kg_m3",0,0,0
"Cake_d50_um","surface","t_recover_sec",1.77076081797622e-08,1.77076081797622e-08,8.85362707189586e-08
"Cake_d50_um","surface","I_strength",0.00067531278348909,0.00067531278348909,0.00278528664272204
"Cake_d50_um","surface","Delta_pH",-0.000328106728513925,0.000328106728513925,0.00107410917585606
"Cake_d50_um","surface","contact_angle_deg",0.00135529400899183,0.00135756624811923,0.00610202428601725
"Cake_d50_um","additive","plasticizer_frac",-0.942474440975222,0.970241086870571,1.45464432376729
"Cake_d50_um","additive","C_monomer",0,0,0
"Cake_d50_um","additive","C_binder",-0.00780980808581238,0.00780980808581238,0.0148651762284534
"Cake_d50_um","additive","chi_parameter",0,0,0
"Wet_Cake_Moisture","process","rpm",0.000492919897014491,0.000492919897014491,0.00103976980376062
"Wet_Cake_Moisture","process","delta_rpm",0.0375483488207213,0.0375483488207213,0.0315367667278857
"Wet_Cake_Moisture","process","r_pool",-0.03408959551397,0.03408959551397,0.0326062528630294
"Wet_Cake_Moisture","process","flow_rate_lpm",-0.000148155514753445,0.000148155514753445,0.000295585143347884
"Wet_Cake_Moisture","process","feed_solid_frac",-4.68239466725843e-07,4.68239466725843e-07,1.04568730842922e-06
"Wet_Cake_Moisture","process","feed_gas_frac",-4.95785655222717e-06,2.47908883279413e-05,8.27040725939463e-05
"Wet_Cake_Moisture","process","pop_frac",4.28904230694638e-05,4.28904230694638e-05,0.000102807638008283
"Wet_Cake_Moisture","process","T_process",0.00620975126966447,0.00972461043245032,0.0104532713946145
"Wet_Cake_Moisture","process","P_feed",-0.0232283882197545,0.0232283882197545,0.0174760795625034
"Wet_Cake_Moisture","process","gas_sat_frac",-0.0185682006698483,0.0185682006698483,0.0135073389537159
"Wet_Cake_Moisture","process","D_b",0.000132580964274953,0.000132580964274953,0.000257321052782106
"Wet_Cake_Moisture","surface","HLB_value",-3.91489186692147e-05,3.91489186692147e-05,0.000115732965026101
"Wet_Cake_Moisture","surface","surf_dose_kg_m3",0,0,0
"Wet_Cake_Moisture","surface","t_recover_sec",0,0,0
"Wet_Cake_Moisture","surface","I_strength",-0.00371435288023107,0.00558862690555912,0.00481801784100229
"Wet_Cake_Moisture","surface","Delta_pH",-2.50170111282995e-06,2.50170111282995e-06,1.02583740512022e-05
"Wet_Cake_Moisture","surface","contact_angle_deg",2.63066188973167e-07,2.91137868265364e-07,1.23204228582186e-06
"Wet_Cake_Moisture","additive","plasticizer_frac",0.0656884617639958,0.0656884617639958,0.0125453110051143
"Wet_Cake_Moisture","additive","C_monomer",-0.00211668625362541,0.00211668625362541,0.00245694045688284
"Wet_Cake_Moisture","additive","C_binder",0.084413867790483,0.084413867790483,0.0133638913124367
"Wet_Cake_Moisture","additive","chi_parameter",0,0,0
"Gas_Template_Voidage","process","rpm",-0.000738950820322496,0.000738950820322496,0.00149369184298234
"Gas_Template_Voidage","process","delta_rpm",0.0115061733782128,0.0115061733782128,0.0152331737879015
"Gas_Template_Voidage","process","r_pool",-0.0126226657818468,0.0126517575666362,0.0169633154388945
"Gas_Template_Voidage","process","flow_rate_lpm",0.00023290396694572,0.00023290396694572,0.000455863901418771
"Gas_Template_Voidage","process","feed_solid_frac",7.66251081265462e-07,7.66251081265462e-07,1.78436621875703e-06
"Gas_Template_Voidage","process","feed_gas_frac",9.1203897606161e-06,4.3837835780685e-05,0.000147763546779916
"Gas_Template_Voidage","process","pop_frac",-7.13490617571652e-05,7.13490617571652e-05,0.000170128835128163
"Gas_Template_Voidage","process","T_process",-0.0092509858376438,0.0149190217095825,0.0160449441791322
"Gas_Template_Voidage","process","P_feed",0.0362780703447427,0.0362780703447427,0.0271238193614433
"Gas_Template_Voidage","process","gas_sat_frac",0.0295231495733069,0.0295231495733069,0.0208376685407083
"Gas_Template_Voidage","process","D_b",-0.000221605771932149,0.000221605771932149,0.000442239439377885
"Gas_Template_Voidage","surface","HLB_value",6.06126786296318e-05,6.06126786296318e-05,0.000171823436933814
"Gas_Template_Voidage","surface","surf_dose_kg_m3",0,0,0
"Gas_Template_Voidage","surface","t_recover_sec",0,0,0
"Gas_Template_Voidage","surface","I_strength",-0.00286717278467192,0.00286717278467192,0.00503776955369909
"Gas_Template_Voidage","surface","Delta_pH",3.71565804449201e-06,3.71565804449201e-06,1.51081843190035e-05
"Gas_Template_Voidage","surface","contact_angle_deg",-4.73862610940803e-07,5.21417304986139e-07,2.26094285239117e-06
"Gas_Template_Voidage","additive","plasticizer_frac",0.00194667032170581,0.00194667032170581,0.00208023311124038
"Gas_Template_Voidage","additive","C_monomer",0.00324147979200567,0.00324147979200567,0.00370587869993139
"Gas_Template_Voidage","additive","C_binder",0.00297084235235573,0.00297084235235573,0.00314376165850377
"Gas_Template_Voidage","additive","chi_parameter",0,0,0
"Entrained_Gas_Holdup","process","rpm",-0.0429772842303084,0.0429772842303084,0.0650677247514397
"Entrained_Gas_Holdup","process","delta_rpm",0,0,0
"Entrained_Gas_Holdup","process","r_pool",0.00182001644436935,0.00236619506842193,0.00418785014724629
"Entrained_Gas_Holdup","process","flow_rate_lpm",0.028304410494435,0.028304410494435,0.0528838648301284
"Entrained_Gas_Holdup","process","feed_solid_frac",7.96012384538096e-05,7.96012384538096e-05,0.000174359944977391
"Entrained_Gas_Holdup","process","feed_gas_frac",0.00310895868246954,0.00623479675509564,0.0240506973135988
"Entrained_Gas_Holdup","process","pop_frac",-0.00662501536205445,0.00662501536205445,0.013983962264213
"Entrained_Gas_Holdup","process","T_process",-0.0169083658955149,0.0169083658955149,0.0377371768903055
"Entrained_Gas_Holdup","process","P_feed",0,0,0
"Entrained_Gas_Holdup","process","gas_sat_frac",0,0,0
"Entrained_Gas_Holdup","process","D_b",-0.0257334584605166,0.0257334584605166,0.0436787708518393
"Entrained_Gas_Holdup","surface","HLB_value",0.00381779766394813,0.00381779766394813,0.00771390245548025
"Entrained_Gas_Holdup","surface","surf_dose_kg_m3",0,0,0
"Entrained_Gas_Holdup","surface","t_recover_sec",0,0,0
"Entrained_Gas_Holdup","surface","I_strength",-8.62444493231239e-05,8.62444493231239e-05,0.00025629215745422
"Entrained_Gas_Holdup","surface","Delta_pH",0.000153303000586758,0.000153303000586758,0.000504940956668664
"Entrained_Gas_Holdup","surface","contact_angle_deg",-3.95323281501863e-05,4.45574513337751e-05,0.000167940367755456
"Entrained_Gas_Holdup","additive","plasticizer_frac",0.00242799514693158,0.00242799514693158,0.00463041214566002
"Entrained_Gas_Holdup","additive","C_monomer",0,0,0
"Entrained_Gas_Holdup","additive","C_binder",0.0043516622760056,0.0043516622760056,0.00722508987962276
"Entrained_Gas_Holdup","additive","chi_parameter",0,0,0
"Dissolved_Gas_mol_m3","process","rpm",0,0,0
"Dissolved_Gas_mol_m3","process","delta_rpm",0,0,0
"Dissolved_Gas_mol_m3","process","r_pool",0,0,0
"Dissolved_Gas_mol_m3","process","flow_rate_lpm",0,0,0
"Dissolved_Gas_mol_m3","process","feed_solid_frac",0,0,0
"Dissolved_Gas_mol_m3","process","feed_gas_frac",0,0,0
"Dissolved_Gas_mol_m3","process","pop_frac",0,0,0
"Dissolved_Gas_mol_m3","process","T_process",-0.32775068951417,0.32775068951417,0.201416948884705
"Dissolved_Gas_mol_m3","process","P_feed",0.0942686417709651,0.0942686417709651,0.215407498128953
"Dissolved_Gas_mol_m3","process","gas_sat_frac",0.426994680180489,0.426994680180489,0.369789083372078
"Dissolved_Gas_mol_m3","process","D_b",0,0,0
"Dissolved_Gas_mol_m3","surface","HLB_value",0,0,0
"Dissolved_Gas_mol_m3","surface","surf_dose_kg_m3",0,0,0
"Dissolved_Gas_mol_m3","surface","t_recover_sec",0,0,0
"Dissolved_Gas_mol_m3","surface","I_strength",-0.0428879316426358,0.0428879316426358,0.0563543864343649
"Dissolved_Gas_mol_m3","surface","Delta_pH",0,0,0
"Dissolved_Gas_mol_m3","surface","contact_angle_deg",0,0,0
"Dissolved_Gas_mol_m3","additive","plasticizer_frac",0,0,0
"Dissolved_Gas_mol_m3","additive","C_monomer",0,0,0
"Dissolved_Gas_mol_m3","additive","C_binder",0,0,0
"Dissolved_Gas_mol_m3","additive","chi_parameter",0,0,0
"Cake_Yield_Stress_Pa","process","rpm",10.9728462331378,10.9728462331378,18.4478965441021
"Cake_Yield_Stress_Pa","process","delta_rpm",-2257.95274938465,2257.95274938465,3238.23326436318
"Cake_Yield_Stress_Pa","process","r_pool",2005.61361393873,2006.02429127983,2243.50490299254
"Cake_Yield_Stress_Pa","process","flow_rate_lpm",-4.53218674645965,4.53218674645965,8.49280516265266
"Cake_Yield_Stress_Pa","process","feed_solid_frac",-0.0143361873678714,0.0143361873678714,0.0372661345392571
"Cake_Yield_Stress_Pa","process","feed_gas_frac",-0.560565298285671,1.32435867185363,4.97125110488354
"Cake_Yield_Stress_Pa","process","pop_frac",1.40314366638656,1.40314366638656,3.31442029562782
"Cake_Yield_Stress_Pa","process","T_process",-4529.21485003423,4529.21485003423,2192.22318667583
"Cake_Yield_Stress_Pa","process","P_feed",-627.297216286204,627.297216286204,759.052510296069
"Cake_Yield_Stress_Pa","process","gas_sat_frac",-518.530967906897,518.530967906897,477.081268008277
"Cake_Yield_Stress_Pa","process","D_b",5.64320582811773,5.64320582811773,12.6721126948193
"Cake_Yield_Stress_Pa","surface","HLB_value",-1.22855653632215,1.22855653632215,3.18327045188363
"Cake_Yield_Stress_Pa","surface","surf_dose_kg_m3",0,0,0
"Cake_Yield_Stress_Pa","surface","t_recover_sec",0,0,0
"Cake_Yield_Stress_Pa","surface","I_strength",282.854340631658,282.854340631658,197.717051560216
"Cake_Yield_Stress_Pa","surface","Delta_pH",-0.0625682330121435,0.0625682330121435,0.249781054204902
"Cake_Yield_Stress_Pa","surface","contact_angle_deg",0.00991208738702577,0.011218065442002,0.0509991971910475
"Cake_Yield_Stress_Pa","additive","plasticizer_frac",-4773.55709534146,4773.55709534146,2676.81910154596
"Cake_Yield_Stress_Pa","additive","C_monomer",-225.994864189617,225.994864189617,164.96624905593
"Cake_Yield_Stress_Pa","additive","C_binder",-3095.93606460251,3095.93606460251,1679.66678867751
"Cake_Yield_Stress_Pa","additive","chi_parameter",0,0,0
"Paste_Viscosity_Pa_s","process","rpm",1.09728462331374,1.09728462331374,1.84478965441022
"Paste_Viscosity_Pa_s","process","delta_rpm",-225.795274938465,225.795274938465,323.823326436318
"Paste_Viscosity_Pa_s","process","r_pool",200.561361393873,200.602429127983,224.350490299254
"Paste_Viscosity_Pa_s","process","flow_rate_lpm",-0.453218674645971,0.453218674645971,0.849280516265253
"Paste_Viscosity_Pa_s","process","feed_solid_frac",-0.001433618736786,0.001433618736786,0.0037266134539315
"Paste_Viscosity_Pa_s","process","feed_gas_frac",-0.0560565298285629,0.132435867185349,0.497125110488308
"Paste_Viscosity_Pa_s","process","pop_frac",0.140314366638669,0.140314366638669,0.331442029562783
"Paste_Viscosity_Pa_s","process","T_process",-452.921485003423,452.921485003423,219.222318667583
"Paste_Viscosity_Pa_s","process","P_feed",-62.7297216286204,62.7297216286204,75.9052510296069
"Paste_Viscosity_Pa_s","process","gas_sat_frac",-51.8530967906897,51.8530967906897,47.7081268008277
"Paste_Viscosity_Pa_s","process","D_b",0.564320582811759,0.564320582811759,1.26721126948191
"Paste_Viscosity_Pa_s","surface","HLB_value",-0.122855653632197,0.122855653632197,0.318327045188351
"Paste_Viscosity_Pa_s","surface","surf_dose_kg_m3",0,0,0
"Paste_Viscosity_Pa_s","surface","t_recover_sec",0,0,0
"Paste_Viscosity_Pa_s","surface","I_strength",28.2854340631658,28.2854340631658,19.7717051560216
"Paste_Viscosity_Pa_s","surface","Delta_pH",-0.00625682330120299,0.00625682330120299,0.0249781054204732
"Paste_Viscosity_Pa_s","surface","contact_angle_deg",0.000991208738723041,0.00112180654419187,0.00509991971911042
"Paste_Viscosity_Pa_s","additive","plasticizer_frac",-477.355709534146,477.355709534146,267.681910154596
"Paste_Viscosity_Pa_s","additive","C_monomer",-22.5994864189617,22.5994864189617,16.496624905593
"Paste_Viscosity_Pa_s","additive","C_binder",-309.593606460251,309.593606460251,167.966678867751
"Paste_Viscosity_Pa_s","additive","chi_parameter",0,0,0
"Spray_Visc_Ratio","process","rpm",0.00219456924662757,0.00219456924662757,0.00368957930882041
"Spray_Visc_Ratio","process","delta_rpm",-0.45159054987693,0.45159054987693,0.647646652872636
"Spray_Visc_Ratio","process","r_pool",0.401122722787745,0.401204858255966,0.448700980598509
"Spray_Visc_Ratio","process","flow_rate_lpm",-0.000906437349292055,0.000906437349292055,0.00169856103253057
"Spray_Visc_Ratio","process","feed_solid_frac",-2.86723747346211e-06,2.86723747346211e-06,7.45322690769546e-06
"Spray_Visc_Ratio","process","feed_gas_frac",-0.000112113059656889,0.000264871734370982,0.000994250220976766
"Spray_Visc_Ratio","process","pop_frac",0.000280628733277233,0.000280628733277233,0.000662884059125611
"Spray_Visc_Ratio","process","T_process",-0.905842970006845,0.905842970006845,0.438444637335167
"Spray_Visc_Ratio","process","P_feed",-0.125459443257241,0.125459443257241,0.151810502059214
"Spray_Visc_Ratio","process","gas_sat_frac",-0.103706193581379,0.103706193581379,0.0954162536016556
"Spray_Visc_Ratio","process","D_b",0.0011286411656234,0.0011286411656234,0.00253442253896364
"Spray_Visc_Ratio","surface","HLB_value",-0.000245711307264607,0.000245711307264607,0.000636654090376785
"Spray_Visc_Ratio","surface","surf_dose_kg_m3",0,0,0
"Spray_Visc_Ratio","surface","t_recover_sec",0,0,0
"Spray_Visc_Ratio","surface","I_strength",0.0565708681263319,0.0565708681263319,0.0395434103120434
"Spray_Visc_Ratio","surface","Delta_pH",-1.25136466025448e-05,1.25136466025448e-05,4.99562108410834e-05
"Spray_Visc_Ratio","surface","contact_angle_deg",1.98241747734566e-06,2.24361308850026e-06,1.01998394380738e-05
"Spray_Visc_Ratio","additive","plasticizer_frac",-0.954711419068293,0.954711419068293,0.535363820309192
"Spray_Visc_Ratio","additive","C_monomer",-0.0451989728379234,0.0451989728379234,0.0329932498111865
"Spray_Visc_Ratio","additive","C_binder",-0.619187212920502,0.619187212920502,0.335933357735502
"Spray_Visc_Ratio","additive","chi_parameter",0,0,0
"Plasticizer_Retained","process","rpm",0.0410042799042956,0.0410049571179838,0.066207916829715
"Plasticizer_Retained","process","delta_rpm",0.060995426590224,0.060995426590224,0.0553246492951013
"Plasticizer_Retained","process","r_pool",-0.0670083378827047,0.0690099416102624,0.0987992300172692
"Plasticizer_Retained","process","flow_rate_lpm",-0.0618438396760906,0.0618438396760906,0.0944499145883079
"Plasticizer_Retained","process","feed_solid_frac",0.482293317038479,0.577527919056234,0.384193383982107
"Plasticizer_Retained","process","feed_gas_frac",0.130271967307175,0.182777822305185,0.149566996706176
"Plasticizer_Retained","process","pop_frac",-0.00578000985507801,0.00578000985507801,0.0235737084148452
"Plasticizer_Retained","process","T_process",0.0437368704052008,0.0457373560966182,0.0514367942142118
"Plasticizer_Retained","process","P_feed",-4.07081775695891e-17,4.07081775695891e-17,1.07098005489861e-16
"Plasticizer_Retained","process","gas_sat_frac",7.40148683083438e-18,4.44089209850063e-17,9.96455660046969e-17
"Plasticizer_Retained","process","D_b",-0.0032308645196097,0.00323086469665062,0.00914264220969678
"Plasticizer_Retained","surface","HLB_value",0.00324168681387328,0.0032416868138779,0.0158063614645119
"Plasticizer_Retained","surface","surf_dose_kg_m3",0,0,0
"Plasticizer_Retained","surface","t_recover_sec",-3.0247398474792e-10,3.02494634896178e-10,1.51242347903833e-09
"Plasticizer_Retained","surface","I_strength",-0.00807987851320823,0.00807987851320823,0.00616230521004594
"Plasticizer_Retained","surface","Delta_pH",6.13249826335038e-06,6.13253632770205e-06,1.78302201758685e-05
"Plasticizer_Retained","surface","contact_angle_deg",-3.09118179202095e-05,3.09252865792531e-05,0.000130351105430569
"Plasticizer_Retained","additive","plasticizer_frac",-0.0346273308415725,0.111570499034496,0.155831359725633
"Plasticizer_Retained","additive","C_monomer",2.96059473233375e-17,2.96059473233375e-17,7.77284604651439e-17
"Plasticizer_Retained","additive","C_binder",0.11809403101803,0.11809403101803,0.0670952272838496
"Plasticizer_Retained","additive","chi_parameter",-0.0604823657597354,0.0967702026242444,0.0882274547049092
"Monomer_Retained","process","rpm",0,0,0
"Monomer_Retained","process","delta_rpm",0,0,0
"Monomer_Retained","process","r_pool",0,0,0
"Monomer_Retained","process","flow_rate_lpm",0,0,0
"Monomer_Retained","process","feed_solid_frac",0,0,0
"Monomer_Retained","process","feed_gas_frac",0,0,0
"Monomer_Retained","process","pop_frac",0,0,0
"Monomer_Retained","process","T_process",-1.19828339461213,1.19828339461213,0.354963360783583
"Monomer_Retained","process","P_feed",0,0,0
"Monomer_Retained","process","gas_sat_frac",0,0,0
"Monomer_Retained","process","D_b",0,0,0
"Monomer_Retained","surface","HLB_value",0,0,0
"Monomer_Retained","surface","surf_dose_kg_m3",0,0,0
"Monomer_Retained","surface","t_recover_sec",0,0,0
"Monomer_Retained","surface","I_strength",0,0,0
"Monomer_Retained","surface","Delta_pH",0,0,0
"Monomer_Retained","surface","contact_angle_deg",0,0,0
"Monomer_Retained","additive","plasticizer_frac",0,0,0
"Monomer_Retained","additive","C_monomer",0,0,0
"Monomer_Retained","additive","C_binder",0,0,0
"Monomer_Retained","additive","chi_parameter",0,0,0
"Foam_Stability","process","rpm",0,0,0
"Foam_Stability","process","delta_rpm",0,0,0
"Foam_Stability","process","r_pool",0,0,0
"Foam_Stability","process","flow_rate_lpm",7.40148683083438e-18,7.40148683083438e-18,3.70074341541719e-17
"Foam_Stability","process","feed_solid_frac",0.0632855777010844,0.0632855777010844,0.0706332448281423
"Foam_Stability","process","feed_gas_frac",-0.052347076026409,0.052347076026409,0.0642206227915644
"Foam_Stability","process","pop_frac",0,0,0
"Foam_Stability","process","T_process",0,0,0
"Foam_Stability","process","P_feed",0,0,0
"Foam_Stability","process","gas_sat_frac",0,0,0
"Foam_Stability","process","D_b",0.0628601922095383,0.0628601922095383,0.0682634220651121
"Foam_Stability","surface","HLB_value",0.506365726484017,0.506365726484017,0.110259227377733
"Foam_Stability","surface","surf_dose_kg_m3",0,0,0
"Foam_Stability","surface","t_recover_sec",0,0,0
"Foam_Stability","surface","I_strength",-0.0328966601564574,0.0328966601564574,0.0265658446939096
"Foam_Stability","surface","Delta_pH",0.0388838000804975,0.0388838000804975,0.0283320878727389
"Foam_Stability","surface","contact_angle_deg",0.00791974779996171,0.0676157658424686,0.128931907533197
"Foam_Stability","additive","plasticizer_frac",0,0,0
"Foam_Stability","additive","C_monomer",0,0,0
"Foam_Stability","additive","C_binder",0,0,0
"Foam_Stability","additive","chi_parameter",0,0,0
"Foam_Drainage_Frac","process","rpm",0.282930922958596,0.282930922958596,0.378884953512928
"Foam_Drainage_Frac","process","delta_rpm",0,0,0
"Foam_Drainage_Frac","process","r_pool",-0.0164040727316347,0.018570261106961,0.0348925998068718
"Foam_Drainage_Frac","process","flow_rate_lpm",-0.203517176463925,0.203517176463925,0.281534338077436
"Foam_Drainage_Frac","process","feed_solid_frac",-7.40148683083438e-18,7.40148683083438e-18,3.70074341541719e-17
"Foam_Drainage_Frac","process","feed_gas_frac",0.044708591954799,0.044708591954799,0.0891671397299495
"Foam_Drainage_Frac","process","pop_frac",0,0,0
"Foam_Drainage_Frac","process","T_process",0.085037171556124,0.085037171556124,0.135550863961194
"Foam_Drainage_Frac","process","P_feed",0,0,0
"Foam_Drainage_Frac","process","gas_sat_frac",0,0,0
"Foam_Drainage_Frac","process","D_b",0.194655183013265,0.194655183013265,0.310147573063478
"Foam_Drainage_Frac","surface","HLB_value",0,0,0
"Foam_Drainage_Frac","surface","surf_dose_kg_m3",0,0,0
"Foam_Drainage_Frac","surface","t_recover_sec",0,0,0
"Foam_Drainage_Frac","surface","I_strength",0,0,0
"Foam_Drainage_Frac","surface","Delta_pH",0,0,0
"Foam_Drainage_Frac","surface","contact_angle_deg",0,0,0
"Foam_Drainage_Frac","additive","plasticizer_frac",-0.0229091360739034,0.0229091360739034,0.0399515355682878
"Foam_Drainage_Frac","additive","C_monomer",0,0,0
"Foam_Drainage_Frac","additive","C_binder",-0.0343637448551702,0.0343637448551702,0.0530173366663754
"Foam_Drainage_Frac","additive","chi_parameter",0,0,0
"Bubble_Size_um","process","rpm",32.7317979548898,32.7317979548898,23.5267345519648
"Bubble_Size_um","process","delta_rpm",0,0,0
"Bubble_Size_um","process","r_pool",-19.728913822898,19.728913822898,14.2111644937999
"Bubble_Size_um","process","flow_rate_lpm",-30.252685911582,30.252685911582,20.0263535297496
"Bubble_Size_um","process","feed_solid_frac",-4.736951571734e-16,4.736951571734e-16,2.368475785867e-15
"Bubble_Size_um","process","feed_gas_frac",10.1611106621064,10.1611106621064,7.82729049357097
"Bubble_Size_um","process","pop_frac",0,0,0
"Bubble_Size_um","process","T_process",0,0,0
"Bubble_Size_um","process","P_feed",0,0,0
"Bubble_Size_um","process","gas_sat_frac",0,0,0
"Bubble_Size_um","process","D_b",126.131344848729,126.131344848729,74.9609363216766
"Bubble_Size_um","surface","HLB_value",0,0,0
"Bubble_Size_um","surface","surf_dose_kg_m3",0,0,0
"Bubble_Size_um","surface","t_recover_sec",0,0,0
"Bubble_Size_um","surface","I_strength",0,0,0
"Bubble_Size_um","surface","Delta_pH",0,0,0
"Bubble_Size_um","surface","contact_angle_deg",0,0,0
"Bubble_Size_um","additive","plasticizer_frac",0,0,0
"Bubble_Size_um","additive","C_monomer",0,0,0
"Bubble_Size_um","additive","C_binder",0,0,0
"Bubble_Size_um","additive","chi_parameter",0,0,0
"Serum_Surface_Tension_N_m","process","rpm",0,0,0
"Serum_Surface_Tension_N_m","process","delta_rpm",0,0,0
"Serum_Surface_Tension_N_m","process","r_pool",0,0,0
"Serum_Surface_Tension_N_m","process","flow_rate_lpm",0,0,0
"Serum_Surface_Tension_N_m","process","feed_solid_frac",0,0,0
"Serum_Surface_Tension_N_m","process","feed_gas_frac",0,0,0
"Serum_Surface_Tension_N_m","process","pop_frac",0,0,0
"Serum_Surface_Tension_N_m","process","T_process",0,0,0
"Serum_Surface_Tension_N_m","process","P_feed",0,0,0
"Serum_Surface_Tension_N_m","process","gas_sat_frac",0,0,0
"Serum_Surface_Tension_N_m","process","D_b",0,0,0
"Serum_Surface_Tension_N_m","surface","HLB_value",0,0,0
"Serum_Surface_Tension_N_m","surface","surf_dose_kg_m3",0,0,0
"Serum_Surface_Tension_N_m","surface","t_recover_sec",0,0,0
"Serum_Surface_Tension_N_m","surface","I_strength",0,0,0
"Serum_Surface_Tension_N_m","surface","Delta_pH",0,0,0
"Serum_Surface_Tension_N_m","surface","contact_angle_deg",0,0,0
"Serum_Surface_Tension_N_m","additive","plasticizer_frac",0,0,0
"Serum_Surface_Tension_N_m","additive","C_monomer",0,0,0
"Serum_Surface_Tension_N_m","additive","C_binder",0,0,0
"Serum_Surface_Tension_N_m","additive","chi_parameter",0,0,0
"Centrate_Foam_Ratio","process","rpm",1.07257695776705,1.07591316441785,2.82544637560972
"Centrate_Foam_Ratio","process","delta_rpm",89.8393892671231,89.8393892671231,443.51053240854
"Centrate_Foam_Ratio","process","r_pool",-91.9540746375151,92.0010787628829,456.163481202583
"Centrate_Foam_Ratio","process","flow_rate_lpm",-26.9676082437413,26.9841777151642,87.6106445699496
"Centrate_Foam_Ratio","process","feed_solid_frac",275.63033095575,276.844256981599,924.93677018199
"Centrate_Foam_Ratio","process","feed_gas_frac",1.62670134965973,1.86207391659592,3.39534765022876
"Centrate_Foam_Ratio","process","pop_frac",-6.49445548233023,6.49445548233023,32.3816996748216
"Centrate_Foam_Ratio","process","T_process",-154.51000630657,159.323819771146,785.113993584724
"Centrate_Foam_Ratio","process","P_feed",-3.38988096852214e-15,3.41948691584548e-15,1.00816564738673e-14
"Centrate_Foam_Ratio","process","gas_sat_frac",2.88657986402541e-16,3.33066907387547e-16,7.3643864125903e-16
"Centrate_Foam_Ratio","process","D_b",2.50409592603447,3.03628623431106,11.0184450801933
"Centrate_Foam_Ratio","surface","HLB_value",0.92525426212744,0.92525426212744,3.03535761265538
"Centrate_Foam_Ratio","surface","surf_dose_kg_m3",14.9994586278294,14.9994586278294,33.4820623860262
"Centrate_Foam_Ratio","surface","t_recover_sec",-2.40640300278964e-09,2.40715355796321e-09,1.20339691417688e-08
"Centrate_Foam_Ratio","surface","I_strength",-0.0807742554763603,0.0807742554763603,0.129313804610696
"Centrate_Foam_Ratio","surface","Delta_pH",0.000314237870526187,0.000314238664046459,0.00141048076173976
"Centrate_Foam_Ratio","surface","contact_angle_deg",-0.00093525722510599,0.000936167937072615,0.00312023638869555
"Centrate_Foam_Ratio","additive","plasticizer_frac",-1.05862259948999,1.78507738818376,4.26302599049401
"Centrate_Foam_Ratio","additive","C_monomer",-2.84957242987124e-15,3.84137166520304e-15,1.56767367083204e-14
"Centrate_Foam_Ratio","additive","C_binder",5.60527385282594,5.60527385282594,11.2770580226773
"Centrate_Foam_Ratio","additive","chi_parameter",0,0,0
