"output","factor","module","group","mu","mu.star","sigma"
"up1_Mixing_Potential","v_tip","up1","Process",1762.20777829098,1762.20777829098,1623.77955002545
"up1_Mixing_Potential","tau_mix","up1","Process",-971.401406314541,971.401406314541,1325.359542964
"up1_Mixing_Potential","P_mix","up1","Process",87.4474884011127,94.531176923528,212.161856521699
"up1_Mixing_Potential","T_mix","up1","Process",-1.34946625084786,1.34950518435362,5.43074066325641
"up1_Mixing_Potential","C_gas_diss_temp","up1","Process",-60.1980472598427,65.8632748621705,222.31986106931
"up1_Mixing_Potential","Q_gas","up1","Process",-305.33504561973,305.33504561973,403.77878808277
"up1_Mixing_Potential","Q_colloid","up1","Process",-411.594197791018,452.431548171755,719.004750267985
"up1_Mixing_Potential","Q_template","up1","Process",584.561224099471,584.561224099471,685.112782145538
"up1_Mixing_Potential","C_solid_mass","up1","Polymer",-1034.92487534963,1034.92487534963,1045.0579267551
"up1_Mixing_Potential","C_temp_mass","up1","Polymer",-9.478611960508e-08,1.83220796134975e-07,6.94003483265643e-07
"up1_Mixing_Potential","D_particle","up1","Polymer",-0.0123715678027175,0.0139958848033082,0.0486642710333659
"up1_Mixing_Potential","D_template","up1","Polymer",-1.8037488835887e-07,7.39780711593122e-07,2.70126301563208e-06
"up1_Mixing_Potential","C_binder","up1","Polymer",-344.123470922952,344.123470922952,313.341493038347
"up1_Mixing_Potential","C_monomer","up1","Polymer",636.363276769343,636.363276769343,979.294287914177
"up1_Mixing_Potential","C_plasticizer","up1","Polymer",464.813978499762,464.813978499762,525.366719602984
"up1_Mixing_Potential","C_surfactant","up1","Surface",-254.511439340496,270.429206038907,590.329340230142
"up1_Mixing_Potential","CMC","up1","Surface",10.854330211889,16.9405438994758,77.0897475828033
"up1_Mixing_Potential","HLB","up1","Surface",-125.853804081402,125.853804081402,230.390726230339
"up1_Mixing_Potential","MW_surfactant","up1","Surface",111.821001259085,115.975060060609,185.727450750466
"up1_Mixing_Potential","A_molecule","up1","Surface",-90.4496648635218,95.6802270372787,144.797699679981
"up1_Mixing_Potential","D_surf","up1","Surface",-0.00906408072796435,0.0125137146268252,0.0288803070533014
"up1_Mixing_Potential","ionic_strength","up1","Surface",-293.515053510768,293.515053510768,576.780975854114
"up1_Mixing_Potential","Delta_pH","up1","Surface",463.313802950564,463.313802950564,700.791029707638
"up1_Mixing_Potential","template_dose","up1","Polymer",0,0,0
"up1_Mixing_Potential","ALR","up2","Process",0,0,0
"up1_Mixing_Potential","P_atom_air","up2","Process",0,0,0
"up1_Mixing_Potential","P_feed","up2","Process",0,0,0
"up1_Mixing_Potential","mdot_L","up2","Process",0,0,0
"up1_Mixing_Potential","sigma","up2","Surface",0,0,0
"up1_Mixing_Potential","mu_L","up2","Polymer",0,0,0
"up1_Mixing_Potential","T_dryer_in","up2","Process",0,0,0
"up1_Mixing_Potential","mdot_gas_dry","up2","Process",0,0,0
"up1_Mixing_Potential","Y_in","up2","Process",0,0,0
"up1_Mixing_Potential","t_hold","up2","Process",0,0,0
"up1_Mixing_Potential","D_b","up2","Process",0,0,0
"up1_Mixing_Potential","Tg_polymer","up2","Polymer",0,0,0
"up1_Mixing_Potential","n_flow","up2","Polymer",0,0,0
"up1_Mixing_Potential","k_perm_mono","up2","Polymer",0,0,0
"up1_Mixing_Potential","k_perm_plast","up2","Polymer",0,0,0
"up1_Mixing_Potential","k_perm_bind","up2","Polymer",0,0,0
"up1_Mixing_Potential","T_bp_solv","up2","Polymer",0,0,0
"up1_Blended_Porosity","v_tip","up1","Process",-0.092065194082567,0.0956016634697969,0.130960973233669
"up1_Blended_Porosity","tau_mix","up1","Process",0.152227202044541,0.152227202044541,0.130389116230335
"up1_Blended_Porosity","P_mix","up1","Process",-0.0253377794136308,0.0273065208667347,0.0468916800467565
"up1_Blended_Porosity","T_mix","up1","Process",0.000549889754121104,0.000549902838815459,0.0027469527758168
"up1_Blended_Porosity","C_gas_diss_temp","up1","Process",0.0100574342783673,0.0109215756656515,0.0283065155567274
"up1_Blended_Porosity","Q_gas","up1","Process",0.109970865136861,0.109970865136861,0.118841438477493
"up1_Blended_Porosity","Q_colloid","up1","Process",-0.00870067825719863,0.0363584940446373,0.0679949717931621
"up1_Blended_Porosity","Q_template","up1","Process",-0.10884060759666,0.10884060759666,0.116458836837298
"up1_Blended_Porosity","C_solid_mass","up1","Polymer",0.107885262332277,0.107885262332277,0.100053729717836
"up1_Blended_Porosity","C_temp_mass","up1","Polymer",1.7725544701012e-13,6.86664311926969e-12,1.35760119142925e-11
"up1_Blended_Porosity","D_particle","up1","Polymer",1.40314557294817e-06,1.75471046213664e-06,5.44895686076055e-06
"up1_Blended_Porosity","D_template","up1","Polymer",5.45532349943296e-11,1.00851500736369e-10,3.17725866179643e-10
"up1_Blended_Porosity","C_binder","up1","Polymer",-9.42279023338698e-05,9.87748686402156e-05,0.00031228491897083
"up1_Blended_Porosity","C_monomer","up1","Polymer",2.66911670781019e-05,2.77267302399727e-05,0.00014762310512362
"up1_Blended_Porosity","C_plasticizer","up1","Polymer",0.000323755783743849,0.000326518840563051,0.000936984369066361
"up1_Blended_Porosity","C_surfactant","up1","Surface",-0.0242419191982356,0.0242419191985132,0.0436759875108901
"up1_Blended_Porosity","CMC","up1","Surface",-0.00184217029057632,0.00230860144717468,0.00818491335024754
"up1_Blended_Porosity","HLB","up1","Surface",0.00548390988195279,0.00556425444586306,0.0110279893667107
"up1_Blended_Porosity","MW_surfactant","up1","Surface",0.0113881093229274,0.0122498469737863,0.0356522600363171
"up1_Blended_Porosity","A_molecule","up1","Surface",-0.00391748609431928,0.00454684043071674,0.010170759226336
"up1_Blended_Porosity","D_surf","up1","Surface",3.32940950224324e-06,5.28760110762537e-06,1.22504915796789e-05
"up1_Blended_Porosity","ionic_strength","up1","Surface",0.0564619885280618,0.0564619885280618,0.0635116483930385
"up1_Blended_Porosity","Delta_pH","up1","Surface",-0.0861968050074517,0.0861968050074517,0.135585638542558
"up1_Blended_Porosity","template_dose","up1","Polymer",0,0,0
"up1_Blended_Porosity","ALR","up2","Process",0,0,0
"up1_Blended_Porosity","P_atom_air","up2","Process",0,0,0
"up1_Blended_Porosity","P_feed","up2","Process",0,0,0
"up1_Blended_Porosity","mdot_L","up2","Process",0,0,0
"up1_Blended_Porosity","sigma","up2","Surface",0,0,0
"up1_Blended_Porosity","mu_L","up2","Polymer",0,0,0
"up1_Blended_Porosity","T_dryer_in","up2","Process",0,0,0
"up1_Blended_Porosity","mdot_gas_dry","up2","Process",0,0,0
"up1_Blended_Porosity","Y_in","up2","Process",0,0,0
"up1_Blended_Porosity","t_hold","up2","Process",0,0,0
"up1_Blended_Porosity","D_b","up2","Process",0,0,0
"up1_Blended_Porosity","Tg_polymer","up2","Polymer",0,0,0
"up1_Blended_Porosity","n_flow","up2","Polymer",0,0,0
"up1_Blended_Porosity","k_perm_mono","up2","Polymer",0,0,0
"up1_Blended_Porosity","k_perm_plast","up2","Polymer",0,0,0
"up1_Blended_Porosity","k_perm_bind","up2","Polymer",0,0,0
"up1_Blended_Porosity","T_bp_solv","up2","Polymer",0,0,0
"up1_Blended_Size_um","v_tip","up1","Process",-33310.1013857382,215849.612885461,292559.585767675
"up1_Blended_Size_um","tau_mix","up1","Process",21015.1059839483,53085.5718927857,101119.6745223
"up1_Blended_Size_um","P_mix","up1","Process",-952.615195847133,6576.22035717464,17346.6387818198
"up1_Blended_Size_um","T_mix","up1","Process",229.323281438975,229.545656889515,649.694144299606
"up1_Blended_Size_um","C_gas_diss_temp","up1","Process",2231.31428017681,19328.3534164579,56865.0401400789
"up1_Blended_Size_um","Q_gas","up1","Process",33138.5252595395,39066.3178809315,79915.7912791521
"up1_Blended_Size_um","Q_colloid","up1","Process",16558.3870881707,56871.3492350007,110575.902550325
"up1_Blended_Size_um","Q_template","up1","Process",-29428.333602696,89638.5385996143,141875.855105003
"up1_Blended_Size_um","C_solid_mass","up1","Polymer",123558.233877667,206851.057739245,256111.372905516
"up1_Blended_Size_um","C_temp_mass","up1","Polymer",12058.1089472546,12235.074315524,13181.9432957519
"up1_Blended_Size_um","D_particle","up1","Polymer",1785.60784458157,1785.60784458157,2422.19416957013
"up1_Blended_Size_um","D_template","up1","Polymer",703.81430235983,703.81430235983,1274.69940782737
"up1_Blended_Size_um","C_binder","up1","Polymer",-1442.86702761238,1442.86702761238,1546.628214603
"up1_Blended_Size_um","C_monomer","up1","Polymer",-2124.22761076663,2125.54594002192,2429.74822381963
"up1_Blended_Size_um","C_plasticizer","up1","Polymer",-2591.87535673434,2813.0055591708,4000.28898657086
"up1_Blended_Size_um","C_surfactant","up1","Surface",31451.0597462307,93989.8175613457,188281.513284706
"up1_Blended_Size_um","CMC","up1","Surface",-6995.01963758448,7504.93522787371,24403.716167206
"up1_Blended_Size_um","HLB","up1","Surface",-2203.77598306895,3257.38662765103,9225.34487312336
"up1_Blended_Size_um","MW_surfactant","up1","Surface",-52084.5799849023,98171.2546354135,187832.942497942
"up1_Blended_Size_um","A_molecule","up1","Surface",28265.3315791375,43582.698750465,110898.461426863
"up1_Blended_Size_um","D_surf","up1","Surface",-82.541819642523,82.5430453248691,135.578667249326
"up1_Blended_Size_um","ionic_strength","up1","Surface",14672.6455706522,171494.935262905,243779.310958965
"up1_Blended_Size_um","Delta_pH","up1","Surface",40013.0501873766,161467.195710141,239272.521295451
"up1_Blended_Size_um","template_dose","up1","Polymer",0,0,0
"up1_Blended_Size_um","ALR","up2","Process",0,0,0
"up1_Blended_Size_um","P_atom_air","up2","Process",0,0,0
"up1_Blended_Size_um","P_feed","up2","Process",0,0,0
"up1_Blended_Size_um","mdot_L","up2","Process",0,0,0
"up1_Blended_Size_um","sigma","up2","Surface",0,0,0
"up1_Blended_Size_um","mu_L","up2","Polymer",0,0,0
"up1_Blended_Size_um","T_dryer_in","up2","Process",0,0,0
"up1_Blended_Size_um","mdot_gas_dry","up2","Process",0,0,0
"up1_Blended_Size_um","Y_in","up2","Process",0,0,0
"up1_Blended_Size_um","t_hold","up2","Process",0,0,0
"up1_Blended_Size_um","D_b","up2","Process",0,0,0
"up1_Blended_Size_um","Tg_polymer","up2","Polymer",0,0,0
"up1_Blended_Size_um","n_flow","up2","Polymer",0,0,0
"up1_Blended_Size_um","k_perm_mono","up2","Polymer",0,0,0
"up1_Blended_Size_um","k_perm_plast","up2","Polymer",0,0,0
"up1_Blended_Size_um","k_perm_bind","up2","Polymer",0,0,0
"up1_Blended_Size_um","T_bp_solv","up2","Polymer",0,0,0
"up1_Blended_WetSkin","v_tip","up1","Process",0.118506399497593,0.118506399497593,0.0508649448129636
"up1_Blended_WetSkin","tau_mix","up1","Process",0.00975440633405328,0.0100875414021633,0.0155314213712759
"up1_Blended_WetSkin","P_mix","up1","Process",0.000634253439130404,0.000649540403185525,0.00266933476905548
"up1_Blended_WetSkin","T_mix","up1","Process",-1.17667190750379e-05,1.18508473756696e-05,4.08009817952493e-05
"up1_Blended_WetSkin","C_gas_diss_temp","up1","Process",-0.000519448607404442,0.00052994548859295,0.00160650852554451
"up1_Blended_WetSkin","Q_gas","up1","Process",-0.00195973257243111,0.00195973257243111,0.00358570045528635
"up1_Blended_WetSkin","Q_colloid","up1","Process",0.00455029747610201,0.00455029747610201,0.00822556494050144
"up1_Blended_WetSkin","Q_template","up1","Process",-0.0037100401151553,0.00372775584880452,0.00718052570910032
"up1_Blended_WetSkin","C_solid_mass","up1","Polymer",0.000556652168885457,0.000556652168885457,0.00155937996898904
"up1_Blended_WetSkin","C_temp_mass","up1","Polymer",8.28788621065613e-11,8.70419352335302e-11,3.33618462832561e-10
"up1_Blended_WetSkin","D_particle","up1","Polymer",4.57128849826414e-07,8.90097674236673e-07,2.45249630064258e-06
"up1_Blended_WetSkin","D_template","up1","Polymer",1.75709862805518e-10,2.29977028682234e-10,1.06041524354288e-09
"up1_Blended_WetSkin","C_binder","up1","Polymer",1.70299533977738e-07,8.04644492491582e-07,2.42837882571724e-06
"up1_Blended_WetSkin","C_monomer","up1","Polymer",0.00468320618266226,0.00468320618266226,0.00642559542295417
"up1_Blended_WetSkin","C_plasticizer","up1","Polymer",0.00647074472381488,0.00647074472381488,0.0088922910495657
"up1_Blended_WetSkin","C_surfactant","up1","Surface",-0.00014356215842647,0.00014356215842647,0.000481779530811325
"up1_Blended_WetSkin","CMC","up1","Surface",-1.62022205619826e-06,5.08247074482412e-06,1.70453438560662e-05
"up1_Blended_WetSkin","HLB","up1","Surface",8.97309589838899e-06,9.42351510408885e-06,1.63881023615857e-05
"up1_Blended_WetSkin","MW_surfactant","up1","Surface",1.46658900635626e-05,2.72559951314448e-05,6.659616147198e-05
"up1_Blended_WetSkin","A_molecule","up1","Surface",-1.0393156602243e-05,1.1005858494959e-05,2.33841895786114e-05
"up1_Blended_WetSkin","D_surf","up1","Surface",-3.95794060778765e-08,5.42027553661048e-07,1.13146253909927e-06
"up1_Blended_WetSkin","ionic_strength","up1","Surface",0.000502746263823067,0.000502746263823067,0.00135011488137491
"up1_Blended_WetSkin","Delta_pH","up1","Surface",-0.000193441958399516,0.000193441958399516,0.000322903115076472
"up1_Blended_WetSkin","template_dose","up1","Polymer",0,0,0
"up1_Blended_WetSkin","ALR","up2","Process",0,0,0
"up1_Blended_WetSkin","P_atom_air","up2","Process",0,0,0
"up1_Blended_WetSkin","P_feed","up2","Process",0,0,0
"up1_Blended_WetSkin","mdot_L","up2","Process",0,0,0
"up1_Blended_WetSkin","sigma","up2","Surface",0,0,0
"up1_Blended_WetSkin","mu_L","up2","Polymer",0,0,0
"up1_Blended_WetSkin","T_dryer_in","up2","Process",0,0,0
"up1_Blended_WetSkin","mdot_gas_dry","up2","Process",0,0,0
"up1_Blended_WetSkin","Y_in","up2","Process",0,0,0
"up1_Blended_WetSkin","t_hold","up2","Process",0,0,0
"up1_Blended_WetSkin","D_b","up2","Process",0,0,0
"up1_Blended_WetSkin","Tg_polymer","up2","Polymer",0,0,0
"up1_Blended_WetSkin","n_flow","up2","Polymer",0,0,0
"up1_Blended_WetSkin","k_perm_mono","up2","Polymer",0,0,0
"up1_Blended_WetSkin","k_perm_plast","up2","Polymer",0,0,0
"up1_Blended_WetSkin","k_perm_bind","up2","Polymer",0,0,0
"up1_Blended_WetSkin","T_bp_solv","up2","Polymer",0,0,0
"up1_Template_Target_Score","v_tip","up1","Process",-0.0227995989909259,0.0243575580813618,0.0413124209226218
"up1_Template_Target_Score","tau_mix","up1","Process",0.0559827557243467,0.0559827557243467,0.104896048569949
"up1_Template_Target_Score","P_mix","up1","Process",-0.00543071671262251,0.0054307520595346,0.0106474681856338
"up1_Template_Target_Score","T_mix","up1","Process",0.00163834087760978,0.00163834323931146,0.00882104095697088
"up1_Template_Target_Score","C_gas_diss_temp","up1","Process",0.00656019792203643,0.00656027630453556,0.0161439599987726
"up1_Template_Target_Score","Q_gas","up1","Process",0.0585876309361812,0.0585876309361812,0.106047299715083
"up1_Template_Target_Score","Q_colloid","up1","Process",-0.0414738774802415,0.0414738774802415,0.107120579916036
"up1_Template_Target_Score","Q_template","up1","Process",-0.0134865309286028,0.026076042262389,0.0590411943141433
"up1_Template_Target_Score","C_solid_mass","up1","Polymer",0.0012082678024237,0.0012082678024237,0.00322987721621264
"up1_Template_Target_Score","C_temp_mass","up1","Polymer",3.25033241062774e-12,3.71546034679445e-12,1.52061391941858e-11
"up1_Template_Target_Score","D_particle","up1","Polymer",-0.248889014038946,0.248889014038946,0.223243053094837
"up1_Template_Target_Score","D_template","up1","Polymer",-4.06084795419777e-12,4.60454637381720e-12,1.80644547609063e-11
"up1_Template_Target_Score","C_binder","up1","Polymer",1.31327020360302e-08,1.36780320217356e-07,4.19910206792228e-07
"up1_Template_Target_Score","C_monomer","up1","Polymer",4.6673106066634e-06,4.72403163711924e-06,2.5671357934041e-05
"up1_Template_Target_Score","C_plasticizer","up1","Polymer",-8.29770359644932e-09,9.82781601969555e-08,2.90717541272102e-07
"up1_Template_Target_Score","C_surfactant","up1","Surface",-0.304064063029377,0.304064063029377,0.283867228625545
"up1_Template_Target_Score","CMC","up1","Surface",-0.0197952103496376,0.0197952103496376,0.0669760470275905
"up1_Template_Target_Score","HLB","up1","Surface",-0.000154638306509271,0.00699017373636671,0.0158635226239107
"up1_Template_Target_Score","MW_surfactant","up1","Surface",0.220899078917315,0.220899078917315,0.23278335792323
"up1_Template_Target_Score","A_molecule","up1","Surface",-0.197631418648238,0.197631418648238,0.21636617236052
"up1_Template_Target_Score","D_surf","up1","Surface",-1.12809318955631e-07,1.33181622499756e-07,3.79229441620042e-07
"up1_Template_Target_Score","ionic_strength","up1","Surface",0.000472790971781127,0.000472790971781127,0.00117782227267203
"up1_Template_Target_Score","Delta_pH","up1","Surface",-0.000803203790547458,0.000803203790547458,0.00124804226306387
"up1_Template_Target_Score","template_dose","up1","Polymer",0.0182827498385863,0.175409857215138,0.283982006293741
"up1_Template_Target_Score","ALR","up2","Process",0,0,0
"up1_Template_Target_Score","P_atom_air","up2","Process",0,0,0
"up1_Template_Target_Score","P_feed","up2","Process",0,0,0
"up1_Template_Target_Score","mdot_L","up2","Process",0,0,0
"up1_Template_Target_Score","sigma","up2","Surface",0,0,0
"up1_Template_Target_Score","mu_L","up2","Polymer",0,0,0
"up1_Template_Target_Score","T_dryer_in","up2","Process",0,0,0
"up1_Template_Target_Score","mdot_gas_dry","up2","Process",0,0,0
"up1_Template_Target_Score","Y_in","up2","Process",0,0,0
"up1_Template_Target_Score","t_hold","up2","Process",0,0,0
"up1_Template_Target_Score","D_b","up2","Process",0,0,0
"up1_Template_Target_Score","Tg_polymer","up2","Polymer",0,0,0
"up1_Template_Target_Score","n_flow","up2","Polymer",0,0,0
"up1_Template_Target_Score","k_perm_mono","up2","Polymer",0,0,0
"up1_Template_Target_Score","k_perm_plast","up2","Polymer",0,0,0
"up1_Template_Target_Score","k_perm_bind","up2","Polymer",0,0,0
"up1_Template_Target_Score","T_bp_solv","up2","Polymer",0,0,0
"up1_Residual_Template_Fraction","v_tip","up1","Process",0,0,0
"up1_Residual_Template_Fraction","tau_mix","up1","Process",0.014238863000847,0.014238863000847,0.0119233014759278
"up1_Residual_Template_Fraction","P_mix","up1","Process",0,0,0
"up1_Residual_Template_Fraction","T_mix","up1","Process",0.00264972603562581,0.00264972603562581,0.00189095853632074
"up1_Residual_Template_Fraction","C_gas_diss_temp","up1","Process",0,0,0
"up1_Residual_Template_Fraction","Q_gas","up1","Process",0,0,0
"up1_Residual_Template_Fraction","Q_colloid","up1","Process",0.00501171479840368,0.00501171479840368,0.00434686060660603
"up1_Residual_Template_Fraction","Q_template","up1","Process",-0.00478285398725131,0.00478285398725131,0.00445384080417655
"up1_Residual_Template_Fraction","C_solid_mass","up1","Polymer",0,0,0
"up1_Residual_Template_Fraction","C_temp_mass","up1","Polymer",0,0,0
"up1_Residual_Template_Fraction","D_particle","up1","Polymer",-0.0145808623173036,0.0145808623173036,0.0096297945649003
"up1_Residual_Template_Fraction","D_template","up1","Polymer",0,0,0
"up1_Residual_Template_Fraction","C_binder","up1","Polymer",0,0,0
"up1_Residual_Template_Fraction","C_monomer","up1","Polymer",0.00569595754812725,0.00569595754812725,0.00393988601839566
"up1_Residual_Template_Fraction","C_plasticizer","up1","Polymer",0.00557680713324535,0.00557680713324535,0.00538519150148618
"up1_Residual_Template_Fraction","C_surfactant","up1","Surface",0,0,0
"up1_Residual_Template_Fraction","CMC","up1","Surface",0,0,0
"up1_Residual_Template_Fraction","HLB","up1","Surface",0,0,0
"up1_Residual_Template_Fraction","MW_surfactant","up1","Surface",0,0,0
"up1_Residual_Template_Fraction","A_molecule","up1","Surface",0,0,0
"up1_Residual_Template_Fraction","D_surf","up1","Surface",0,0,0
"up1_Residual_Template_Fraction","ionic_strength","up1","Surface",0,0,0
"up1_Residual_Template_Fraction","Delta_pH","up1","Surface",0,0,0
"up1_Residual_Template_Fraction","template_dose","up1","Polymer",0.0285509726827622,0.0285509726827622,0.012992442326315
"up1_Residual_Template_Fraction","ALR","up2","Process",0,0,0
"up1_Residual_Template_Fraction","P_atom_air","up2","Process",0,0,0
"up1_Residual_Template_Fraction","P_feed","up2","Process",0,0,0
"up1_Residual_Template_Fraction","mdot_L","up2","Process",0,0,0
"up1_Residual_Template_Fraction","sigma","up2","Surface",0,0,0
"up1_Residual_Template_Fraction","mu_L","up2","Polymer",0,0,0
"up1_Residual_Template_Fraction","T_dryer_in","up2","Process",0,0,0
"up1_Residual_Template_Fraction","mdot_gas_dry","up2","Process",0,0,0
"up1_Residual_Template_Fraction","Y_in","up2","Process",0,0,0
"up1_Residual_Template_Fraction","t_hold","up2","Process",0,0,0
"up1_Residual_Template_Fraction","D_b","up2","Process",0,0,0
"up1_Residual_Template_Fraction","Tg_polymer","up2","Polymer",0,0,0
"up1_Residual_Template_Fraction","n_flow","up2","Polymer",0,0,0
"up1_Residual_Template_Fraction","k_perm_mono","up2","Polymer",0,0,0
"up1_Residual_Template_Fraction","k_perm_plast","up2","Polymer",0,0,0
"up1_Residual_Template_Fraction","k_perm_bind","up2","Polymer",0,0,0
"up1_Residual_Template_Fraction","T_bp_solv","up2","Polymer",0,0,0
"up2_d_droplet_um","v_tip","up1","Process",53.131488955819,53.394000848552,115.236037012061
"up2_d_droplet_um","tau_mix","up1","Process",-113.753407970742,113.753407970742,227.491154123489
"up2_d_droplet_um","P_mix","up1","Process",12.4255329588022,13.8082681688402,38.4396856057854
"up2_d_droplet_um","T_mix","up1","Process",-138.781191298954,138.781191298954,179.951661046385
"up2_d_droplet_um","C_gas_diss_temp","up1","Process",-7.59588758395162,8.25320091970986,27.8412706911358
"up2_d_droplet_um","Q_gas","up1","Process",-47.4000547262065,47.4000547262065,67.5408404867796
"up2_d_droplet_um","Q_colloid","up1","Process",113.852753852858,167.027412984159,756.597033426117
"up2_d_droplet_um","Q_template","up1","Process",-91.6711023193961,208.513648065023,579.144128314993
"up2_d_droplet_um","C_solid_mass","up1","Polymer",-28.2419287885116,186.440511290424,380.292068105677
"up2_d_droplet_um","C_temp_mass","up1","Polymer",-3.06935217982603e-10,2.81308505378775e-09,6.15252289164403e-09
"up2_d_droplet_um","D_particle","up1","Polymer",-0.416721684571023,0.456077254712463,0.890680314138246
"up2_d_droplet_um","D_template","up1","Polymer",-0.375099068305009,0.375099068312432,1.08889385172775
"up2_d_droplet_um","C_binder","up1","Polymer",0.0381470892209538,0.038906038137326,0.148290326323212
"up2_d_droplet_um","C_monomer","up1","Polymer",0.362425818340984,0.369280473180724,0.75290703014586
"up2_d_droplet_um","C_plasticizer","up1","Polymer",0.43131734402472,0.586518937712519,1.22931745890154
"up2_d_droplet_um","C_surfactant","up1","Surface",-67.1429976081939,68.5391096130547,200.800414001101
"up2_d_droplet_um","CMC","up1","Surface",3.3358662135374,4.67236816892851,22.2119835063911
"up2_d_droplet_um","HLB","up1","Surface",-0.977118197893008,1.10157422753858,1.94974903782356
"up2_d_droplet_um","MW_surfactant","up1","Surface",49.6870827513339,50.9287660838949,173.543760742379
"up2_d_droplet_um","A_molecule","up1","Surface",-31.2703548378195,31.8268406637683,102.777460507835
"up2_d_droplet_um","D_surf","up1","Surface",-0.00218768974636454,0.00236965629971699,0.00635706589829993
"up2_d_droplet_um","ionic_strength","up1","Surface",-38.1304460747159,47.7431836277335,81.6762582105266
"up2_d_droplet_um","Delta_pH","up1","Surface",43.7272381611316,43.7272381618689,86.4815969920445
"up2_d_droplet_um","template_dose","up1","Polymer",-105.120797163363,108.446045451654,163.202236529253
"up2_d_droplet_um","ALR","up2","Process",-89.461596542561,89.461596542561,81.2887200783248
"up2_d_droplet_um","P_atom_air","up2","Process",-195.901045569177,195.901045569177,151.228194596687
"up2_d_droplet_um","P_feed","up2","Process",-101.1703847452,101.1703847452,243.349190027621
"up2_d_droplet_um","mdot_L","up2","Process",10.239461720812,10.239461720812,10.770764127763
"up2_d_droplet_um","sigma","up2","Surface",-155.056032349886,157.112962771625,323.234706494606
"up2_d_droplet_um","mu_L","up2","Polymer",0,0,0
"up2_d_droplet_um","T_dryer_in","up2","Process",0,0,0
"up2_d_droplet_um","mdot_gas_dry","up2","Process",0,0,0
"up2_d_droplet_um","Y_in","up2","Process",0,0,0
"up2_d_droplet_um","t_hold","up2","Process",0.450669604172712,0.450669604172712,1.36698083446581
"up2_d_droplet_um","D_b","up2","Process",0,0,0
"up2_d_droplet_um","Tg_polymer","up2","Polymer",0,0,0
"up2_d_droplet_um","n_flow","up2","Polymer",1326.61827478859,1326.61827478859,1076.04815592115
"up2_d_droplet_um","k_perm_mono","up2","Polymer",0,0,0
"up2_d_droplet_um","k_perm_plast","up2","Polymer",0,0,0
"up2_d_droplet_um","k_perm_bind","up2","Polymer",0,0,0
"up2_d_droplet_um","T_bp_solv","up2","Polymer",87.4093115545316,87.4093115545316,143.100007919111
"up2_d10_um","v_tip","up1","Process",15.4904383487146,15.5652223221065,33.9446907454989
"up2_d10_um","tau_mix","up1","Process",-34.5914948370385,34.5914948370385,76.6387681213418
"up2_d10_um","P_mix","up1","Process",3.71826520960165,4.10558653503036,11.9947698642756
"up2_d10_um","T_mix","up1","Process",-44.036345369221,44.036345369221,56.9943362370569
"up2_d10_um","C_gas_diss_temp","up1","Process",-2.23234413498274,2.41858751400253,8.53533154222749
"up2_d10_um","Q_gas","up1","Process",-12.755991825063,12.755991825063,17.9211799752383
"up2_d10_um","Q_colloid","up1","Process",27.9796455059792,44.2850824186614,194.697601061567
"up2_d10_um","Q_template","up1","Process",-10.9766457963408,45.9572851103417,111.67894070888
"up2_d10_um","C_solid_mass","up1","Polymer",-17.7073644728083,50.7343584617894,90.7274523557518
"up2_d10_um","C_temp_mass","up1","Polymer",-9.77328736458579e-11,7.588854877838e-10,1.67967508177871e-09
"up2_d10_um","D_particle","up1","Polymer",-0.14687027513578,0.156090477555775,0.339144324410035
"up2_d10_um","D_template","up1","Polymer",-0.107478571525172,0.107478571527376,0.316972765014122
"up2_d10_um","C_binder","up1","Polymer",0.00941790960759799,0.0096365810773358,0.03628418446699
"up2_d10_um","C_monomer","up1","Polymer",0.127813974341003,0.129577661827222,0.289249271839076
"up2_d10_um","C_plasticizer","up1","Polymer",0.136099120540972,0.173438529543438,0.359486690009702
"up2_d10_um","C_surfactant","up1","Surface",-21.2962814413928,21.6225011659447,68.6719943095498
"up2_d10_um","CMC","up1","Surface",0.843222344187588,1.1632810848658,5.5576077555731
"up2_d10_um","HLB","up1","Surface",-0.244642182607944,0.275622283794795,0.464390913995735
"up2_d10_um","MW_surfactant","up1","Surface",16.2364943079686,16.5305476215085,60.4482295144399
"up2_d10_um","A_molecule","up1","Surface",-9.91441801615429,10.0538847758938,33.1803287132779
"up2_d10_um","D_surf","up1","Surface",-0.000650351040148411,0.000701618916517699,0.0019455171594322
"up2_d10_um","ionic_strength","up1","Surface",-9.71752222221806,12.9562276942425,22.8808776057578
"up2_d10_um","Delta_pH","up1","Surface",12.8388420951439,12.8388420953993,28.4039526334794
"up2_d10_um","template_dose","up1","Polymer",-32.5112558145169,33.3195080383489,48.0522044460992
"up2_d10_um","ALR","up2","Process",-26.073443826987,26.073443826987,23.4522170856471
"up2_d10_um","P_atom_air","up2","Process",-60.4452854631297,60.4452854631297,56.2750007763219
"up2_d10_um","P_feed","up2","Process",-26.0062503797233,26.0062503797233,64.0431989665186
"up2_d10_um","mdot_L","up2","Process",3.14411983494467,3.14411983494467,3.68924359023246
"up2_d10_um","sigma","up2","Surface",-35.2554623185223,36.0810029491578,74.0345226624486
"up2_d10_um","mu_L","up2","Polymer",0,0,0
"up2_d10_um","T_dryer_in","up2","Process",0,0,0
"up2_d10_um","mdot_gas_dry","up2","Process",0,0,0
"up2_d10_um","Y_in","up2","Process",0,0,0
"up2_d10_um","t_hold","up2","Process",2.54815769821445,2.54815769821445,8.57485863334432
"up2_d10_um","D_b","up2","Process",0,0,0
"up2_d10_um","Tg_polymer","up2","Polymer",0,0,0
"up2_d10_um","n_flow","up2","Polymer",301.475518374131,301.475518374131,261.615995112198
"up2_d10_um","k_perm_mono","up2","Polymer",0,0,0
"up2_d10_um","k_perm_plast","up2","Polymer",0,0,0
"up2_d10_um","k_perm_bind","up2","Polymer",0,0,0
"up2_d10_um","T_bp_solv","up2","Polymer",26.5311316198696,26.5311316198696,42.9241499564347
"up2_d90_um","v_tip","up1","Process",107.489357046274,108.019483880197,232.467255137292
"up2_d90_um","tau_mix","up1","Process",-229.968400510786,229.968400510786,456.17792953996
"up2_d90_um","P_mix","up1","Process",25.2919506769377,28.0883169453289,77.3324247354871
"up2_d90_um","T_mix","up1","Process",-275.520993121933,275.520993121933,359.468299968074
"up2_d90_um","C_gas_diss_temp","up1","Process",-15.4637689269405,16.7920663402804,56.0689288139018
"up2_d90_um","Q_gas","up1","Process",-96.3718457131216,96.3718457131216,136.632250792952
"up2_d90_um","Q_colloid","up1","Process",231.182770727024,338.457734955829,1534.06870452598
"up2_d90_um","Q_template","up1","Process",-187.766851525983,425.001711155207,1184.65674008993
"up2_d90_um","C_solid_mass","up1","Polymer",-56.0779093672099,378.365275544969,773.13670029812
"up2_d90_um","C_temp_mass","up1","Polymer",-6.01011507228577e-10,5.72730733949811e-09,1.24581076215838e-08
"up2_d90_um","D_particle","up1","Polymer",-0.83795536607691,0.917979062124928,1.76578527299392
"up2_d90_um","D_template","up1","Polymer",-0.761730482063443,0.761730482078875,2.19754330651271
"up2_d90_um","C_binder","up1","Polymer",0.0774123771605629,0.078978921632196,0.301211776922656
"up2_d90_um","C_monomer","up1","Polymer",0.720731038398828,0.734640971080709,1.4972030050843
"up2_d90_um","C_plasticizer","up1","Polymer",0.850658734214406,1.16570300596608,2.46124246399173
"up2_d90_um","C_surfactant","up1","Surface",-135.168876537091,137.98030604987,402.692939232739
"up2_d90_um","CMC","up1","Surface",6.76931216414822,9.48450096389151,45.0793611516972
"up2_d90_um","HLB","up1","Surface",-2.01576814270328,2.26849546397115,3.95716827969557
"up2_d90_um","MW_surfactant","up1","Surface",99.9516890160835,102.480328229774,347.719040080904
"up2_d90_um","A_molecule","up1","Surface",-62.8963251783472,64.01900644126,206.537993012755
"up2_d90_um","D_surf","up1","Surface",-0.00439710212960721,0.00479345312181382,0.0128132373785699
"up2_d90_um","ionic_strength","up1","Surface",-77.3817762649893,96.6676918130697,164.984162360922
"up2_d90_um","Delta_pH","up1","Surface",88.3713391089952,88.3713391104731,173.616746233019
"up2_d90_um","template_dose","up1","Polymer",-209.947231660687,216.697507179683,327.168487747594
"up2_d90_um","ALR","up2","Process",-177.378764442003,177.378764442003,166.245768339592
"up2_d90_um","P_atom_air","up2","Process",-383.05033522422,383.05033522422,308.706451313292
"up2_d90_um","P_feed","up2","Process",-205.476297500365,205.476297500365,492.995379070801
"up2_d90_um","mdot_L","up2","Process",20.2498608430996,20.2498608430996,21.7979054153174
"up2_d90_um","sigma","up2","Surface",-312.640504222318,321.790987831401,659.422846124695
"up2_d90_um","mu_L","up2","Polymer",0,0,0
"up2_d90_um","T_dryer_in","up2","Process",0,0,0
"up2_d90_um","mdot_gas_dry","up2","Process",0,0,0
"up2_d90_um","Y_in","up2","Process",0,0,0
"up2_d90_um","t_hold","up2","Process",0.115528298419224,0.115528298419224,0.330356163573606
"up2_d90_um","D_b","up2","Process",0,0,0
"up2_d90_um","Tg_polymer","up2","Polymer",0,0,0
"up2_d90_um","n_flow","up2","Polymer",2676.87150748293,2676.87150748293,2202.4988259359
"up2_d90_um","k_perm_mono","up2","Polymer",0,0,0
"up2_d90_um","k_perm_plast","up2","Polymer",0,0,0
"up2_d90_um","k_perm_bind","up2","Polymer",0,0,0
"up2_d90_um","T_bp_solv","up2","Polymer",174.467588291173,174.467588291173,285.923621652679
"up2_d99_um","v_tip","up1","Process",171.654575204917,172.500768861466,371.031951818902
"up2_d99_um","tau_mix","up1","Process",-367.290841053245,367.290841053245,727.846510612805
"up2_d99_um","P_mix","up1","Process",40.4544470510463,44.9186691470875,123.410904816934
"up2_d99_um","T_mix","up1","Process",-438.703236384082,438.703236384082,573.183093565773
"up2_d99_um","C_gas_diss_temp","up1","Process",-24.7327629546857,26.8530817836976,89.4868832217278
"up2_d99_um","Q_gas","up1","Process",-153.976623423746,153.976623423746,218.066949313841
"up2_d99_um","Q_colloid","up1","Process",369.07116119851,540.337578406938,2449.17875500419
"up2_d99_um","Q_template","up1","Process",-299.569381792635,678.746133642927,1892.16071158144
"up2_d99_um","C_solid_mass","up1","Polymer",-89.875875885402,604.33968068865,1234.46407567059
"up2_d99_um","C_temp_mass","up1","Polymer",-9.55088808041182e-10,9.15299741185057e-09,1.98897649293969e-08
"up2_d99_um","D_particle","up1","Polymer",-1.33876771486466,1.46653733211742,2.81598828363076
"up2_d99_um","D_template","up1","Polymer",-1.21737961701207,1.21737961703641,3.50748098194107
"up2_d99_um","C_binder","up1","Polymer",0.123591090048131,0.126104071550169,0.480935514650357
"up2_d99_um","C_monomer","up1","Polymer",1.14934841537912,1.17155992165574,2.38750366359519
"up2_d99_um","C_plasticizer","up1","Polymer",1.35404748493977,1.8570534001127,3.92493447765415
"up2_d99_um","C_surfactant","up1","Surface",-215.755317796585,220.237053608684,642.566008220666
"up2_d99_um","CMC","up1","Surface",10.8080881439266,15.1433905838174,71.9740058388948
"up2_d99_um","HLB","up1","Surface",-3.23062520713599,3.63415485447225,6.3177856191399
"up2_d99_um","MW_surfactant","up1","Surface",159.549588004116,163.588621456135,554.819870474243
"up2_d99_um","A_molecule","up1","Surface",-100.379522476858,102.170005111956,329.600548677586
"up2_d99_um","D_surf","up1","Surface",-0.00701302469164702,0.00765616286359124,0.0204528505196354
"up2_d99_um","ionic_strength","up1","Surface",-123.572892976919,154.347781937334,263.322674925641
"up2_d99_um","Delta_pH","up1","Surface",141.10421890729,141.104218909645,277.034423308184
"up2_d99_um","template_dose","up1","Polymer",-334.721822120844,345.497398305295,521.692883602657
"up2_d99_um","ALR","up2","Process",-281.999162821548,281.999162821548,266.24016134303
"up2_d99_um","P_atom_air","up2","Process",-607.875952558103,607.875952558103,494.753608957807
"up2_d99_um","P_feed","up2","Process",-328.151652148264,328.151652148264,787.021525400077
"up2_d99_um","mdot_L","up2","Process",32.1915793663449,32.1915793663449,34.8600676434213
"up2_d99_um","sigma","up2","Surface",-498.225911391684,514.857034883071,1053.49657911796
"up2_d99_um","mu_L","up2","Polymer",0,0,0
"up2_d99_um","T_dryer_in","up2","Process",0,0,0
"up2_d99_um","mdot_gas_dry","up2","Process",0,0,0
"up2_d99_um","Y_in","up2","Process",0,0,0
"up2_d99_um","t_hold","up2","Process",0.117435070067352,0.117435070067352,0.337785247374861
"up2_d99_um","D_b","up2","Process",0,0,0
"up2_d99_um","Tg_polymer","up2","Polymer",0,0,0
"up2_d99_um","n_flow","up2","Polymer",4267.12201370678,4267.12201370678,3521.8064227304
"up2_d99_um","k_perm_mono","up2","Polymer",0,0,0
"up2_d99_um","k_perm_plast","up2","Polymer",0,0,0
"up2_d99_um","k_perm_bind","up2","Polymer",0,0,0
"up2_d99_um","T_bp_solv","up2","Polymer",278.116257299287,278.116257299287,455.741740216995
"up2_span","v_tip","up1","Process",-0.00815583279544294,0.00821777311353528,0.0104226833422684
"up2_span","tau_mix","up1","Process",0.0154386197234002,0.0154663554643077,0.0145600416116673
"up2_span","P_mix","up1","Process",-0.00270106696004141,0.00282187186882437,0.00548607127614472
"up2_span","T_mix","up1","Process",0.068430515913399,0.068430515913399,0.0716328877234676
"up2_span","C_gas_diss_temp","up1","Process",0.0010016029252228,0.0010627849730653,0.00331856038075361
"up2_span","Q_gas","up1","Process",0.00867694479117247,0.00867694479117247,0.00851851413419351
"up2_span","Q_colloid","up1","Process",0.00394139725383723,0.0107465245557537,0.0177618620356025
"up2_span","Q_template","up1","Process",-0.0088597029046469,0.0185845671108476,0.0280179736339302
"up2_span","C_solid_mass","up1","Polymer",0.0212796976076507,0.0405057483815232,0.0610472440722431
"up2_span","C_temp_mass","up1","Polymer",4.89349301820615e-14,4.18576284744176e-13,8.91572735617774e-13
"up2_span","D_particle","up1","Polymer",0.000169611051511546,0.00017556087217591,0.000447605012817132
"up2_span","D_template","up1","Polymer",0.000141534745215046,0.000141689621693214,0.000384255418982599
"up2_span","C_binder","up1","Polymer",-8.37726999812216e-06,8.64266652941814e-06,3.27003434525243e-05
"up2_span","C_monomer","up1","Polymer",-0.000194536410405921,0.000196216004322806,0.000453526918185964
"up2_span","C_plasticizer","up1","Polymer",-0.000124516610370164,0.000180193189039411,0.000425275691588042
"up2_span","C_surfactant","up1","Surface",0.00838587346464441,0.00870063642953154,0.0115278514472668
"up2_span","CMC","up1","Surface",-0.000159260835826989,0.00023777427010432,0.00106305983345532
"up2_span","HLB","up1","Surface",0.000357436916221648,0.000362169286870556,0.00075838718234165
"up2_span","MW_surfactant","up1","Surface",-0.00681868020106474,0.00701981829900639,0.0100104324394735
"up2_span","A_molecule","up1","Surface",0.00217663643497735,0.00230018968474672,0.0050457758539417
"up2_span","D_surf","up1","Surface",2.83153061758634e-07,4.31407916714107e-07,1.22282119387143e-06
"up2_span","ionic_strength","up1","Surface",0.00615513182989422,0.0065231630696947,0.00958219001108876
"up2_span","Delta_pH","up1","Surface",-0.00581908415136528,0.00589520117429744,0.00951228201992205
"up2_span","template_dose","up1","Polymer",0.031374931720159,0.0320923212763193,0.0398562611743337
"up2_span","ALR","up2","Process",0.0734587769208571,0.0734587769208571,0.110332493922798
"up2_span","P_atom_air","up2","Process",0.191999965021451,0.191999965021451,0.232831226005454
"up2_span","P_feed","up2","Process",0.00939620792864888,0.00939620792864888,0.0115617788083406
"up2_span","mdot_L","up2","Process",-0.00826995137242344,0.00826995137242344,0.0120029613538988
"up2_span","sigma","up2","Surface",0.0259821242903671,0.0259821242903684,0.0544735340229447
"up2_span","mu_L","up2","Polymer",0,0,0
"up2_span","T_dryer_in","up2","Process",0,0,0
"up2_span","mdot_gas_dry","up2","Process",0,0,0
"up2_span","Y_in","up2","Process",0,0,0
"up2_span","t_hold","up2","Process",-0.00531924399740363,0.00531924399740363,0.00821446529962167
"up2_span","D_b","up2","Process",0,0,0
"up2_span","Tg_polymer","up2","Polymer",0,0,0
"up2_span","n_flow","up2","Polymer",-0.29234457854772,0.292344578547722,0.420589760640196
"up2_span","k_perm_mono","up2","Polymer",0,0,0
"up2_span","k_perm_plast","up2","Polymer",0,0,0
"up2_span","k_perm_bind","up2","Polymer",0,0,0
"up2_span","T_bp_solv","up2","Polymer",-0.0357247763236128,0.0357247763236128,0.0508680325243225
"up2_BI_bimodal","v_tip","up1","Process",-0.00981924351925022,0.00991197700083671,0.0122021385808128
"up2_BI_bimodal","tau_mix","up1","Process",0.0196314494770918,0.0196677888750745,0.0184821593212982
"up2_BI_bimodal","P_mix","up1","Process",-0.00287268948081955,0.0030372468501281,0.00539295970850946
"up2_BI_bimodal","T_mix","up1","Process",0.0535766554887827,0.0535766554887827,0.0501313401212198
"up2_BI_bimodal","C_gas_diss_temp","up1","Process",0.000890550743340409,0.000973861809883271,0.00263955159723625
"up2_BI_bimodal","Q_gas","up1","Process",0.00980143804674256,0.00980143804674256,0.00887939485609518
"up2_BI_bimodal","Q_colloid","up1","Process",0.00910976760674834,0.011994690642464,0.0145585593488387
"up2_BI_bimodal","Q_template","up1","Process",-0.0185153123690819,0.0185252234343704,0.01849648843681
"up2_BI_bimodal","C_solid_mass","up1","Polymer",0.0408069691994656,0.041539916289267,0.0452936678322601
"up2_BI_bimodal","C_temp_mass","up1","Polymer",9.75223663398269e-14,4.77600684695156e-13,1.0182168042984e-12
"up2_BI_bimodal","D_particle","up1","Polymer",0.000251462650578406,0.000252138805687363,0.000653746175822105
"up2_BI_bimodal","D_template","up1","Polymer",0.000171898273147716,0.000171898273152934,0.000495385724044346
"up2_BI_bimodal","C_binder","up1","Polymer",-1.15908911785067e-05,1.18390799440064e-05,4.52200647784073e-05
"up2_BI_bimodal","C_monomer","up1","Polymer",-0.000179791096898995,0.00018002903544124,0.000331621749060066
"up2_BI_bimodal","C_plasticizer","up1","Polymer",-0.000119762788582565,0.000197108604717748,0.000379960809189109
"up2_BI_bimodal","C_surfactant","up1","Surface",0.00981493785268451,0.0100957615579795,0.014810234771237
"up2_BI_bimodal","CMC","up1","Surface",-0.000200739322811016,0.000304721600423711,0.00137627150345362
"up2_BI_bimodal","HLB","up1","Surface",0.000344630040772713,0.000350365573681605,0.000603991488012685
"up2_BI_bimodal","MW_surfactant","up1","Surface",-0.00862235427538218,0.008891049935643,0.0133381184884311
"up2_BI_bimodal","A_molecule","up1","Surface",0.00300340432625518,0.00308631274761002,0.00690808384866347
"up2_BI_bimodal","D_surf","up1","Surface",4.33280536432685e-07,5.31012735763252e-07,1.54822604261243e-06
"up2_BI_bimodal","ionic_strength","up1","Surface",0.00733177210812911,0.00783795061302855,0.011781970569237
"up2_BI_bimodal","Delta_pH","up1","Surface",-0.00771923053273776,0.00771923053276787,0.012945440393805
"up2_BI_bimodal","template_dose","up1","Polymer",0.0375411274758545,0.0376283949352723,0.0407648156109615
"up2_BI_bimodal","ALR","up2","Process",0.0341432077293622,0.0341432077293622,0.0127174793478645
"up2_BI_bimodal","P_atom_air","up2","Process",0.0555253077067391,0.0555253077067391,0.0125651686092045
"up2_BI_bimodal","P_feed","up2","Process",0.00875226710451409,0.00875226710451409,0.00836322286519594
"up2_BI_bimodal","mdot_L","up2","Process",-0.00261590036903268,0.00261590036903268,0.000682203365204664
"up2_BI_bimodal","sigma","up2","Surface",0,0,0
"up2_BI_bimodal","mu_L","up2","Polymer",0,0,0
"up2_BI_bimodal","T_dryer_in","up2","Process",0,0,0
"up2_BI_bimodal","mdot_gas_dry","up2","Process",0,0,0
"up2_BI_bimodal","Y_in","up2","Process",0,0,0
"up2_BI_bimodal","t_hold","up2","Process",-0.00629367450836263,0.00629367450836263,0.00986357571318689
"up2_BI_bimodal","D_b","up2","Process",0,0,0
"up2_BI_bimodal","Tg_polymer","up2","Polymer",0,0,0
"up2_BI_bimodal","n_flow","up2","Polymer",0,0,0
"up2_BI_bimodal","k_perm_mono","up2","Polymer",0,0,0
"up2_BI_bimodal","k_perm_plast","up2","Polymer",0,0,0
"up2_BI_bimodal","k_perm_bind","up2","Polymer",0,0,0
"up2_BI_bimodal","T_bp_solv","up2","Polymer",-0.0389718793920434,0.0389718793920434,0.0528285896214246
"up2_D_particle_um","v_tip","up1","Process",-19.4382210678337,322.145683558385,663.258436375239
"up2_D_particle_um","tau_mix","up1","Process",-44.2512939274152,134.091245604093,314.74195054143
"up2_D_particle_um","P_mix","up1","Process",0.854411698623986,15.5932186909109,41.0459183597872
"up2_D_particle_um","T_mix","up1","Process",-49.8467031777508,49.8596828295659,113.111174466019
"up2_D_particle_um","C_gas_diss_temp","up1","Process",-0.78983366327287,1.81137393152126,4.51563461373615
"up2_D_particle_um","Q_gas","up1","Process",-26.2904619696204,96.5000627755019,279.804227912866
"up2_D_particle_um","Q_colloid","up1","Process",19.5260154764875,218.344496436915,732.094825568838
"up2_D_particle_um","Q_template","up1","Process",-31.8626645105216,165.326030470134,330.557390804518
"up2_D_particle_um","C_solid_mass","up1","Polymer",-115.694840519349,291.103591890432,554.548497942696
"up2_D_particle_um","C_temp_mass","up1","Polymer",-4.0447763656933e-10,2.5457910150332e-09,7.15609179666549e-09
"up2_D_particle_um","D_particle","up1","Polymer",10.771528072375,10.8305420813502,21.001254615173
"up2_D_particle_um","D_template","up1","Polymer",-0.145765779722938,0.145765779728035,0.563837881502592
"up2_D_particle_um","C_binder","up1","Polymer",2.90632890190338,2.91099514079333,7.27885415307918
"up2_D_particle_um","C_monomer","up1","Polymer",-2.32200771655242,2.32200771655242,5.00930786742761
"up2_D_particle_um","C_plasticizer","up1","Polymer",-4.06852159314571,4.06852159314571,7.84810256014787
"up2_D_particle_um","C_surfactant","up1","Surface",-158.265683275791,321.103977629247,859.799848554146
"up2_D_particle_um","CMC","up1","Surface",-71.7378572098922,79.8346851905129,415.586832188112
"up2_D_particle_um","HLB","up1","Surface",-3.80924398824341,3.9016901042711,18.0329323949952
"up2_D_particle_um","MW_surfactant","up1","Surface",162.890604277142,196.21756877375,849.42303632912
"up2_D_particle_um","A_molecule","up1","Surface",-43.4559901195444,78.957770716785,170.761986406103
"up2_D_particle_um","D_surf","up1","Surface",-0.00105495485830344,0.00115598143449233,0.00399951680447936
"up2_D_particle_um","ionic_strength","up1","Surface",-1.80481945177026,449.915808360375,1035.49876547922
"up2_D_particle_um","Delta_pH","up1","Surface",126.153424859226,268.677974968722,465.397630557771
"up2_D_particle_um","template_dose","up1","Polymer",-50.8697555206382,51.9176293065273,119.659496466176
"up2_D_particle_um","ALR","up2","Process",-32.2172648078055,32.2188033752766,44.1832913105517
"up2_D_particle_um","P_atom_air","up2","Process",-109.527941133884,109.527941133884,121.198744302372
"up2_D_particle_um","P_feed","up2","Process",-55.9095142476424,55.9095142476424,199.835497016436
"up2_D_particle_um","mdot_L","up2","Process",3.45072012667543,3.45552736019402,6.61379320221334
"up2_D_particle_um","sigma","up2","Surface",-84.9319078418071,85.8528791049586,234.687856459687
"up2_D_particle_um","mu_L","up2","Polymer",3.57895232432361,3.57895232432361,7.81608315568892
"up2_D_particle_um","T_dryer_in","up2","Process",2.34648618869125,2.34701336085081,3.25441779928858
"up2_D_particle_um","mdot_gas_dry","up2","Process",1.65377135008074,1.65454475176187,2.54081363623367
"up2_D_particle_um","Y_in","up2","Process",-0.0173447487268792,0.0173447487268792,0.0328834099067032
"up2_D_particle_um","t_hold","up2","Process",0.945645730734315,0.951781666121066,2.97270448812669
"up2_D_particle_um","D_b","up2","Process",0,0,0
"up2_D_particle_um","Tg_polymer","up2","Polymer",2.64795696449868,2.64816123164611,5.46522668286964
"up2_D_particle_um","n_flow","up2","Polymer",565.009927884824,565.009927884824,581.402587964531
"up2_D_particle_um","k_perm_mono","up2","Polymer",-1.0792522645732,1.0792522645732,2.78629055812706
"up2_D_particle_um","k_perm_plast","up2","Polymer",-3.65236835560883,3.65236835560883,7.88916679771626
"up2_D_particle_um","k_perm_bind","up2","Polymer",5.64835310983744,5.64835310983744,18.3359992016852
"up2_D_particle_um","T_bp_solv","up2","Polymer",36.1818677508142,36.3605038987772,81.2397179647393
"up2_Dp90_um","v_tip","up1","Process",-38.1910672997867,657.511804183464,1351.71986385304
"up2_Dp90_um","tau_mix","up1","Process",-89.3587507873007,272.070606204896,637.174522689454
"up2_Dp90_um","P_mix","up1","Process",1.79559771818288,31.7935807227769,83.1234289972148
"up2_Dp90_um","T_mix","up1","Process",-99.2864721559739,99.4863496078062,228.226457798806
"up2_Dp90_um","C_gas_diss_temp","up1","Process",-1.80172744445399,3.87618991856564,9.56231220906608
"up2_Dp90_um","Q_gas","up1","Process",-54.2120852363418,197.138877491405,569.222390076714
"up2_Dp90_um","Q_colloid","up1","Process",39.6951675727253,443.995076979593,1486.14896464807
"up2_Dp90_um","Q_template","up1","Process",-65.5588034119004,336.778599180544,673.85190819026
"up2_Dp90_um","C_solid_mass","up1","Polymer",-235.294875417755,592.705882524853,1127.74846254637
"up2_Dp90_um","C_temp_mass","up1","Polymer",-8.16192979868902e-10,5.1821619588092e-09,1.4512855138982e-08
"up2_Dp90_um","D_particle","up1","Polymer",21.9948123138813,22.100851403996,42.6694574128246
"up2_Dp90_um","D_template","up1","Polymer",-0.29857469178333,0.298574691793974,1.14605348228415
"up2_Dp90_um","C_binder","up1","Polymer",5.93784924805608,5.947313682438,14.8259374666915
"up2_Dp90_um","C_monomer","up1","Polymer",-4.78406614949844,4.78406614949844,10.1692248575131
"up2_Dp90_um","C_plasticizer","up1","Polymer",-8.35049831471589,8.35049831471589,16.0247540966898
"up2_Dp90_um","C_surfactant","up1","Surface",-322.433455447694,654.833432538071,1749.04256351043
"up2_Dp90_um","CMC","up1","Surface",-146.640085416804,163.404744030924,850.070185640302
"up2_Dp90_um","HLB","up1","Surface",-7.78596707611106,7.97429149408759,36.5901735891969
"up2_Dp90_um","MW_surfactant","up1","Surface",332.558093175366,400.279852804546,1727.1803426393
"up2_Dp90_um","A_molecule","up1","Surface",-87.489779864396,160.820736148168,346.873143593698
"up2_Dp90_um","D_surf","up1","Surface",-0.00212139164044842,0.00234461184349772,0.00806834638490052
"up2_Dp90_um","ionic_strength","up1","Surface",-4.13963035376536,916.286608601829,2104.61228009955
"up2_Dp90_um","Delta_pH","up1","Surface",254.925111622841,546.204915014815,944.672543940287
"up2_Dp90_um","template_dose","up1","Polymer",-101.577351183495,103.798758537464,240.70615135788
"up2_Dp90_um","ALR","up2","Process",-63.4835107881477,63.6336591526481,89.6910465278653
"up2_Dp90_um","P_atom_air","up2","Process",-213.299391059031,213.299391059031,244.735124544429
"up2_Dp90_um","P_feed","up2","Process",-113.657076765832,113.657076765832,405.450526195906
"up2_Dp90_um","mdot_L","up2","Process",6.713297963927,6.73838100160066,13.2603316493663
"up2_Dp90_um","sigma","up2","Surface",-171.453763044997,175.746701454461,478.472512091296
"up2_Dp90_um","mu_L","up2","Polymer",7.33889073567976,7.33889073567976,16.0250869483667
"up2_Dp90_um","T_dryer_in","up2","Process",4.79702635907978,4.79854587301031,6.58466691006817
"up2_Dp90_um","mdot_gas_dry","up2","Process",3.3784428939016,3.38003393022291,5.15628629041597
"up2_Dp90_um","Y_in","up2","Process",-0.0354732836678389,0.0354732836678389,0.0668589021889185
"up2_Dp90_um","t_hold","up2","Process",1.28102030110044,1.29682784100087,3.8217394146674
"up2_Dp90_um","D_b","up2","Process",0,0,0
"up2_Dp90_um","Tg_polymer","up2","Polymer",5.42378180930828,5.42419946356514,11.1884372340382
"up2_Dp90_um","n_flow","up2","Polymer",1137.00854153911,1137.00854153911,1186.23486202713
"up2_Dp90_um","k_perm_mono","up2","Polymer",-2.21140096640865,2.21140096640865,5.68079415436179
"up2_Dp90_um","k_perm_plast","up2","Polymer",-7.47587117018614,7.47587117018614,16.0601565432045
"up2_Dp90_um","k_perm_bind","up2","Polymer",11.5343625724637,11.5343625724637,37.3795733852727
"up2_Dp90_um","T_bp_solv","up2","Polymer",72.6573800001919,73.0825448175785,163.464790776743
"up2_theta_skin_z","v_tip","up1","Process",-0.043694861701039,0.0457862151302816,0.0707397773523902
"up2_theta_skin_z","tau_mix","up1","Process",-0.00638249411040737,0.00724573589021503,0.0216207618224413
"up2_theta_skin_z","P_mix","up1","Process",0.00160348067833751,0.00160392026723868,0.00673162451019144
"up2_theta_skin_z","T_mix","up1","Process",-0.0889629710279244,0.0889629710279244,0.079248661210021
"up2_theta_skin_z","C_gas_diss_temp","up1","Process",-0.00641084346631941,0.00641093546384719,0.0254334022608201
"up2_theta_skin_z","Q_gas","up1","Process",-0.00150383331147269,0.0015038653181472,0.00579257286984655
"up2_theta_skin_z","Q_colloid","up1","Process",0.00116498096150259,0.00268579641513622,0.00446758257627054
"up2_theta_skin_z","Q_template","up1","Process",0.00434567779335185,0.0129616635461229,0.0279581444386177
"up2_theta_skin_z","C_solid_mass","up1","Polymer",-0.0109408623754299,0.023682483267824,0.043988414014811
"up2_theta_skin_z","C_temp_mass","up1","Polymer",8.96624441359961e-13,9.71464575449943e-13,4.21982643323459e-12
"up2_theta_skin_z","D_particle","up1","Polymer",-0.000148870994824773,0.000148871059412456,0.000193421082829842
"up2_theta_skin_z","D_template","up1","Polymer",-0.000137696933872031,0.000137696933900177,0.000248566855309871
"up2_theta_skin_z","C_binder","up1","Polymer",0.00377447772486835,0.00377447772486835,0.00395688092689968
"up2_theta_skin_z","C_monomer","up1","Polymer",0.0125175931058607,0.0125175931058607,0.0113295614003154
"up2_theta_skin_z","C_plasticizer","up1","Polymer",0.012262618374947,0.012262618374947,0.00932411974227544
"up2_theta_skin_z","C_surfactant","up1","Surface",-0.0085274457141401,0.0192298799992236,0.0246246196085965
"up2_theta_skin_z","CMC","up1","Surface",2.72375683929978e-05,2.72667571327416e-05,0.000133940276600772
"up2_theta_skin_z","HLB","up1","Surface",-0.000612181585882703,0.00146646921009953,0.00526723747519944
"up2_theta_skin_z","MW_surfactant","up1","Surface",-0.0152667443795379,0.0282177019943189,0.0617952583385895
"up2_theta_skin_z","A_molecule","up1","Surface",0.0114314118324958,0.0272054865375207,0.0612765983120245
"up2_theta_skin_z","D_surf","up1","Surface",2.43085939155563e-08,3.86494790616254e-08,1.56552171742259e-07
"up2_theta_skin_z","ionic_strength","up1","Surface",-0.0184195206697474,0.0214183734208498,0.0406583388997845
"up2_theta_skin_z","Delta_pH","up1","Surface",0.0326524392473306,0.0410792652267249,0.0650401546431712
"up2_theta_skin_z","template_dose","up1","Polymer",0.00352392632241894,0.00352392632241894,0.00474814940331193
"up2_theta_skin_z","ALR","up2","Process",0,0,0
"up2_theta_skin_z","P_atom_air","up2","Process",0,0,0
"up2_theta_skin_z","P_feed","up2","Process",0,0,0
"up2_theta_skin_z","mdot_L","up2","Process",-0.0292683185819529,0.0292683185819529,0.0307585382381685
"up2_theta_skin_z","sigma","up2","Surface",0,0,0
"up2_theta_skin_z","mu_L","up2","Polymer",0.20743698890139,0.20743698890139,0.10913656184121
"up2_theta_skin_z","T_dryer_in","up2","Process",0.0497281633753189,0.0497281633753189,0.0464180462336337
"up2_theta_skin_z","mdot_gas_dry","up2","Process",0.0210920593341651,0.0210920593341651,0.0249344553787437
"up2_theta_skin_z","Y_in","up2","Process",-0.00156753611547253,0.00156753611547253,0.00211895741434339
"up2_theta_skin_z","t_hold","up2","Process",0,0,0
"up2_theta_skin_z","D_b","up2","Process",0,0,0
"up2_theta_skin_z","Tg_polymer","up2","Polymer",-0.0218030309668316,0.0218030309668316,0.0244800357340778
"up2_theta_skin_z","n_flow","up2","Polymer",0,0,0
"up2_theta_skin_z","k_perm_mono","up2","Polymer",0,0,0
"up2_theta_skin_z","k_perm_plast","up2","Polymer",0,0,0
"up2_theta_skin_z","k_perm_bind","up2","Polymer",0,0,0
"up2_theta_skin_z","T_bp_solv","up2","Polymer",0,0,0
"up2_Omega_struct_z","v_tip","up1","Process",0.00121883566533132,0.00166703142619446,0.00284998265770675
"up2_Omega_struct_z","tau_mix","up1","Process",0.000671900955217809,0.000671900955217809,0.00110179764428129
"up2_Omega_struct_z","P_mix","up1","Process",-6.46902299885917e-05,6.47211692314168e-05,0.000234162115493729
"up2_Omega_struct_z","T_mix","up1","Process",-0.00575227830497569,0.00664054123651707,0.00757697744031537
"up2_Omega_struct_z","C_gas_diss_temp","up1","Process",0.000175541501495967,0.000175541601633453,0.000883628699398702
"up2_Omega_struct_z","Q_gas","up1","Process",0.000112786503931778,0.000112786503931778,0.000310245532079538
"up2_Omega_struct_z","Q_colloid","up1","Process",-0.00256555025305032,0.0028008829297775,0.00483937856301561
"up2_Omega_struct_z","Q_template","up1","Process",0.00333163039677668,0.00398026877225704,0.00737543123383214
"up2_Omega_struct_z","C_solid_mass","up1","Polymer",-0.0080697817899574,0.008819791557542,0.0213327040644525
"up2_Omega_struct_z","C_temp_mass","up1","Polymer",-3.48230703532219e-14,4.05222152129644e-14,1.59782565854515e-13
"up2_Omega_struct_z","D_particle","up1","Polymer",-0.000322647855015173,0.000322647855015173,0.000577433187294103
"up2_Omega_struct_z","D_template","up1","Polymer",4.81090774613844e-05,4.9251998267046e-05,0.000113086509518131
"up2_Omega_struct_z","C_binder","up1","Polymer",-0.0134338926404892,0.0141782874835839,0.0151626308758854
"up2_Omega_struct_z","C_monomer","up1","Polymer",0.018273375069461,0.018273375069461,0.0148807337993528
"up2_Omega_struct_z","C_plasticizer","up1","Polymer",0.0153097957298366,0.0153097957298366,0.00986840520593488
"up2_Omega_struct_z","C_surfactant","up1","Surface",0.00564199081873106,0.00575519129114359,0.00531146371967423
"up2_Omega_struct_z","CMC","up1","Surface",9.29406968417368e-06,1.10149304086149e-05,5.53960613100768e-05
"up2_Omega_struct_z","HLB","up1","Surface",2.53144944030744e-05,5.72195326082177e-05,0.000203830407237584
"up2_Omega_struct_z","MW_surfactant","up1","Surface",-0.00233128123712269,0.00347932841478344,0.00577740974922808
"up2_Omega_struct_z","A_molecule","up1","Surface",0.000808549712722504,0.00205427115843187,0.00398778792905637
"up2_Omega_struct_z","D_surf","up1","Surface",1.17895883426182e-09,2.40295865798027e-09,5.78316221819513e-09
"up2_Omega_struct_z","ionic_strength","up1","Surface",-0.000529317527528969,0.00141582027608273,0.00226931255016664
"up2_Omega_struct_z","Delta_pH","up1","Surface",-0.00031457535140779,0.00182475752369713,0.00273703104409086
"up2_Omega_struct_z","template_dose","up1","Polymer",-0.0103365659350023,0.010584127562298,0.0177153669937913
"up2_Omega_struct_z","ALR","up2","Process",0,0,0
"up2_Omega_struct_z","P_atom_air","up2","Process",-3.73321649173586e-06,3.73321649173586e-06,2.04476688457403e-05
"up2_Omega_struct_z","P_feed","up2","Process",0,0,0
"up2_Omega_struct_z","mdot_L","up2","Process",0.0148182484108189,0.0148182484108189,0.00917011493264423
"up2_Omega_struct_z","sigma","up2","Surface",0.0162375662374208,0.0162375662374208,0.0050414233072943
"up2_Omega_struct_z","mu_L","up2","Polymer",-0.00812939104097442,0.00812939104097442,0.00462819681440388
"up2_Omega_struct_z","T_dryer_in","up2","Process",-0.0322613622063046,0.0322613622063046,0.0156954610325484
"up2_Omega_struct_z","mdot_gas_dry","up2","Process",-0.0156944208556958,0.0156944208556958,0.0123608240073657
"up2_Omega_struct_z","Y_in","up2","Process",6.08622652480684e-05,6.08622652480684e-05,8.44224962639892e-05
"up2_Omega_struct_z","t_hold","up2","Process",0,0,0
"up2_Omega_struct_z","D_b","up2","Process",0,0,0
"up2_Omega_struct_z","Tg_polymer","up2","Polymer",1.25124175603804e-05,0.00331902835218935,0.00514710221622794
"up2_Omega_struct_z","n_flow","up2","Polymer",-2.29485908782393e-07,3.7966251728148e-06,1.49811168554484e-05
"up2_Omega_struct_z","k_perm_mono","up2","Polymer",0.00985221900116279,0.00985221900116279,0.010250709723677
"up2_Omega_struct_z","k_perm_plast","up2","Polymer",0.0235152828829872,0.0235152828829872,0.022558154933594
"up2_Omega_struct_z","k_perm_bind","up2","Polymer",-0.0152854212121511,0.0152854212121511,0.0120759979342262
"up2_Omega_struct_z","T_bp_solv","up2","Polymer",0.0165582722236407,0.0165582722236407,0.0224401238506422
"up2_phi_porosity_z","v_tip","up1","Process",-0.0224911250750831,0.0288979812715984,0.0433275874487259
"up2_phi_porosity_z","tau_mix","up1","Process",0.0283703380985695,0.0304821275822745,0.0362569816358246
"up2_phi_porosity_z","P_mix","up1","Process",-0.00293987313712175,0.00361997912053627,0.00771042160746766
"up2_phi_porosity_z","T_mix","up1","Process",-0.0029154279621437,0.00956589452639855,0.0116314938816275
"up2_phi_porosity_z","C_gas_diss_temp","up1","Process",-0.000449719357428024,0.00160969820277445,0.00417889011608605
"up2_phi_porosity_z","Q_gas","up1","Process",0.0134146911048984,0.0145351684971951,0.0150500519478803
"up2_phi_porosity_z","Q_colloid","up1","Process",0.0216774908002408,0.0244591833675309,0.0196467493304173
"up2_phi_porosity_z","Q_template","up1","Process",-0.0397943379503305,0.0414918854398381,0.0342074399714457
"up2_phi_porosity_z","C_solid_mass","up1","Polymer",0.077117829838999,0.0775254456263943,0.0436293069906742
"up2_phi_porosity_z","C_temp_mass","up1","Polymer",3.00913229519158e-13,6.72816432197484e-13,1.58618972734786e-12
"up2_phi_porosity_z","D_particle","up1","Polymer",0.00846534728778757,0.00846534728778757,0.00838230505850571
"up2_phi_porosity_z","D_template","up1","Polymer",9.5679328956507e-05,0.000118257252991724,0.000357409090995416
"up2_phi_porosity_z","C_binder","up1","Polymer",0.0217739160084988,0.0218261886798458,0.0186793403104434
"up2_phi_porosity_z","C_monomer","up1","Polymer",-0.0371766331602019,0.0371766331602019,0.0297625895658334
"up2_phi_porosity_z","C_plasticizer","up1","Polymer",-0.0385185247210018,0.0385185247210018,0.0321429672322922
"up2_phi_porosity_z","C_surfactant","up1","Surface",0.0204081701732421,0.0258160964293508,0.043937023474691
"up2_phi_porosity_z","CMC","up1","Surface",-0.00116573243481081,0.00151995185073825,0.00500618079638177
"up2_phi_porosity_z","HLB","up1","Surface",0.000339888724961417,0.000672793818474151,0.00131600572802058
"up2_phi_porosity_z","MW_surfactant","up1","Surface",-0.0214898876606125,0.0235337555432783,0.0358146110667502
"up2_phi_porosity_z","A_molecule","up1","Surface",0.0059243268972668,0.00928257266560033,0.0163436189681936
"up2_phi_porosity_z","D_surf","up1","Surface",6.89375475423452e-07,7.49314683295282e-07,2.48269629441066e-06
"up2_phi_porosity_z","ionic_strength","up1","Surface",0.0128657727246504,0.0227468375286649,0.0314152473825561
"up2_phi_porosity_z","Delta_pH","up1","Surface",-0.0110293990939833,0.0230241843019468,0.0431812126084402
"up2_phi_porosity_z","template_dose","up1","Polymer",0.0663601578553179,0.0663601578553179,0.0396760339051266
"up2_phi_porosity_z","ALR","up2","Process",-0.00129082941399171,0.00129082941399171,0.00168540571837743
"up2_phi_porosity_z","P_atom_air","up2","Process",-0.00401520580233593,0.00401520580233593,0.00523936163754674
"up2_phi_porosity_z","P_feed","up2","Process",0.0119402814443906,0.0119402814443906,0.0179436701062713
"up2_phi_porosity_z","mdot_L","up2","Process",-0.0189046363098336,0.018947796817484,0.0160368491084989
"up2_phi_porosity_z","sigma","up2","Surface",-0.00294300011412025,0.00318557726914451,0.00503416511050993
"up2_phi_porosity_z","mu_L","up2","Polymer",0.0262113302632254,0.0262113302632254,0.0133736117576548
"up2_phi_porosity_z","T_dryer_in","up2","Process",0.0536998762426874,0.05372980201342,0.0266348887045533
"up2_phi_porosity_z","mdot_gas_dry","up2","Process",0.0214375800964984,0.021918709238289,0.0140184714553416
"up2_phi_porosity_z","Y_in","up2","Process",-0.00015513908039495,0.00015513908039495,0.000161674385251582
"up2_phi_porosity_z","t_hold","up2","Process",-0.00741661770827107,0.00741661770827107,0.0120535884010261
"up2_phi_porosity_z","D_b","up2","Process",0,0,0
"up2_phi_porosity_z","Tg_polymer","up2","Polymer",0.0268092737165195,0.0270030311711708,0.0364805767813898
"up2_phi_porosity_z","n_flow","up2","Polymer",0.0223510907539173,0.0223510907539173,0.0342442520265511
"up2_phi_porosity_z","k_perm_mono","up2","Polymer",-0.0172634179564358,0.0172634179564358,0.0153037291231261
"up2_phi_porosity_z","k_perm_plast","up2","Polymer",-0.0348544953337188,0.0348544953337188,0.0240350238977049
"up2_phi_porosity_z","k_perm_bind","up2","Polymer",0.0292684756830444,0.0292684756830444,0.0220947063206063
"up2_phi_porosity_z","T_bp_solv","up2","Polymer",0.00622288485082687,0.0128255353961902,0.0194526597177828
"up2_rho_tapped","v_tip","up1","Process",45.2805708306887,216.243592251195,296.037084867698
"up2_rho_tapped","tau_mix","up1","Process",-14.4748708338977,96.740246869023,188.051111768549
"up2_rho_tapped","P_mix","up1","Process",2.53937113216663,11.9328068621747,28.2789092204542
"up2_rho_tapped","T_mix","up1","Process",-11.0135023188589,14.0450714112245,14.2900428044228
"up2_rho_tapped","C_gas_diss_temp","up1","Process",-13.1279777239617,13.5083337452841,48.8882329860994
"up2_rho_tapped","Q_gas","up1","Process",-23.9976888461736,55.491278061964,131.318285833799
"up2_rho_tapped","Q_colloid","up1","Process",-46.6057454073725,55.0673692567827,100.467080185505
"up2_rho_tapped","Q_template","up1","Process",42.4332140581615,112.34520370825,168.111708425969
"up2_rho_tapped","C_solid_mass","up1","Polymer",-76.4094446703889,182.471686606178,228.100538006119
"up2_rho_tapped","C_temp_mass","up1","Polymer",7.42901894075961e-09,1.70462840287655e-08,7.00561702131673e-08
"up2_rho_tapped","D_particle","up1","Polymer",36.2374083175576,47.3605106002488,55.1159331174704
"up2_rho_tapped","D_template","up1","Polymer",-0.1156858833599,0.125460571376621,0.346100853162346
"up2_rho_tapped","C_binder","up1","Polymer",-26.7316544230539,26.7316544230539,16.912904139347
"up2_rho_tapped","C_monomer","up1","Polymer",10.2084993233478,18.5199568487728,21.5421981757839
"up2_rho_tapped","C_plasticizer","up1","Polymer",-3.46107379769621,20.2030551468737,34.0532915781393
"up2_rho_tapped","C_surfactant","up1","Surface",-29.6641425984005,96.4060496101134,155.040621975384
"up2_rho_tapped","CMC","up1","Surface",13.0974040672322,15.4471501756416,70.0819380652662
"up2_rho_tapped","HLB","up1","Surface",-8.45086712411199,8.90057816523267,37.1741580827109
"up2_rho_tapped","MW_surfactant","up1","Surface",37.0270442531922,107.772677959968,201.991812849602
"up2_rho_tapped","A_molecule","up1","Surface",-13.191663070878,71.41012558823,158.134422449602
"up2_rho_tapped","D_surf","up1","Surface",-0.00124909803501273,0.00139756441495488,0.004778529895264
"up2_rho_tapped","ionic_strength","up1","Surface",-41.8752994145019,201.942119492358,264.659015127233
"up2_rho_tapped","Delta_pH","up1","Surface",19.6372893793171,175.012360809889,250.554846703992
"up2_rho_tapped","template_dose","up1","Polymer",-56.9134356502216,56.9134356502216,34.0230400636396
"up2_rho_tapped","ALR","up2","Process",-6.92610000683175,7.31096715138197,10.003010425865
"up2_rho_tapped","P_atom_air","up2","Process",-19.3596290375036,21.0100436926762,24.9862645897973
"up2_rho_tapped","P_feed","up2","Process",-13.106408600303,13.106408600303,15.9682218755296
"up2_rho_tapped","mdot_L","up2","Process",26.1078252579657,26.1078252579657,21.4426238472899
"up2_rho_tapped","sigma","up2","Surface",4.9876816384344,5.69114189583604,6.34639644363858
"up2_rho_tapped","mu_L","up2","Polymer",-21.732177223013,21.732177223013,11.3595793894802
"up2_rho_tapped","T_dryer_in","up2","Process",-57.4864907603345,57.4864907603345,24.4314320407944
"up2_rho_tapped","mdot_gas_dry","up2","Process",-26.8089792609789,26.8089792609789,15.7804795841893
"up2_rho_tapped","Y_in","up2","Process",0.138633424925602,0.139837106764003,0.170013096453897
"up2_rho_tapped","t_hold","up2","Process",5.7947124282688,5.7947124282688,9.71643518408518
"up2_rho_tapped","D_b","up2","Process",0,0,0
"up2_rho_tapped","Tg_polymer","up2","Polymer",35.8081819623903,35.8081819623903,47.7255598624773
"up2_rho_tapped","n_flow","up2","Polymer",68.3035316086284,71.6896178739953,50.2684582842391
"up2_rho_tapped","k_perm_mono","up2","Polymer",14.8675297390148,14.8675297390148,13.6847285411976
"up2_rho_tapped","k_perm_plast","up2","Polymer",30.9189644204948,30.9189644204948,22.1676982537907
"up2_rho_tapped","k_perm_bind","up2","Polymer",-25.1771981992957,25.1771981992957,19.8141514972241
"up2_rho_tapped","T_bp_solv","up2","Polymer",4.30559973968574,6.6276575170411,9.92090102460095
"up2_Tg_product_K","v_tip","up1","Process",0,0,0
"up2_Tg_product_K","tau_mix","up1","Process",-0.00132704266721007,0.00132704266721007,0.00326711613842033
"up2_Tg_product_K","P_mix","up1","Process",-0.0401671274812334,0.0401671274812334,0.220004417916572
"up2_Tg_product_K","T_mix","up1","Process",0.541584078910342,0.593768791819391,1.19036612532878
"up2_Tg_product_K","C_gas_diss_temp","up1","Process",0,0,0
"up2_Tg_product_K","Q_gas","up1","Process",0,0,0
"up2_Tg_product_K","Q_colloid","up1","Process",-0.187474338214828,0.695700513190081,1.48615574596674
"up2_Tg_product_K","Q_template","up1","Process",-1.65141573569654,2.10328122400011,5.05252133862742
"up2_Tg_product_K","C_solid_mass","up1","Polymer",0.449875653539886,1.75901843180102,3.4251132729727
"up2_Tg_product_K","C_temp_mass","up1","Polymer",-5.23906843833781e-13,5.23906843833781e-13,2.86955596399098e-12
"up2_Tg_product_K","D_particle","up1","Polymer",0.00239167091829321,0.00279609879609382,0.00730802215678253
"up2_Tg_product_K","D_template","up1","Polymer",1.28532097993646e-05,1.28532097993646e-05,5.56826428231668e-05
"up2_Tg_product_K","C_binder","up1","Polymer",0,0,0
"up2_Tg_product_K","C_monomer","up1","Polymer",-11.1847247307008,11.1847247307008,3.06653581973469
"up2_Tg_product_K","C_plasticizer","up1","Polymer",-26.3058010004607,26.3058010004607,6.72593457267041
"up2_Tg_product_K","C_surfactant","up1","Surface",0,0,0
"up2_Tg_product_K","CMC","up1","Surface",0,0,0
"up2_Tg_product_K","HLB","up1","Surface",0.000129087702514615,0.000129087702514615,0.00070704246563771
"up2_Tg_product_K","MW_surfactant","up1","Surface",-0.0281221209198984,0.0281221209198984,0.154031199927163
"up2_Tg_product_K","A_molecule","up1","Surface",0,0,0
"up2_Tg_product_K","D_surf","up1","Surface",-8.44403539682996e-09,8.44403539682996e-09,4.62498866321585e-08
"up2_Tg_product_K","ionic_strength","up1","Surface",0.000374492978165601,0.000374492978165601,0.00205118251768589
"up2_Tg_product_K","Delta_pH","up1","Surface",-0.000457567241991323,0.000457567241991323,0.00250619900014073
"up2_Tg_product_K","template_dose","up1","Polymer",-0.97622885280215,0.97622885280215,2.69051814532461
"up2_Tg_product_K","ALR","up2","Process",0,0,0
"up2_Tg_product_K","P_atom_air","up2","Process",0.0828788298430548,0.0828788298430548,0.453946046446735
"up2_Tg_product_K","P_feed","up2","Process",0,0,0
"up2_Tg_product_K","mdot_L","up2","Process",-0.520149242985055,0.520149242985055,0.942860829961412
"up2_Tg_product_K","sigma","up2","Surface",-0.0356669531533664,0.0356669531533664,0.195355947995788
"up2_Tg_product_K","mu_L","up2","Polymer",0,0,0
"up2_Tg_product_K","T_dryer_in","up2","Process",2.47069219969235,2.47069219969235,5.48508513457312
"up2_Tg_product_K","mdot_gas_dry","up2","Process",0.842481451716819,0.842481451716819,1.43808996749614
"up2_Tg_product_K","Y_in","up2","Process",-0.000879843053706964,0.000879843053706964,0.00481909887579533
"up2_Tg_product_K","t_hold","up2","Process",0,0,0
"up2_Tg_product_K","D_b","up2","Process",0,0,0
"up2_Tg_product_K","Tg_polymer","up2","Polymer",80.2734994330884,80.2734994330884,7.98762497004075
"up2_Tg_product_K","n_flow","up2","Polymer",-0.0984541034743269,0.0984541034743269,0.375015313758196
"up2_Tg_product_K","k_perm_mono","up2","Polymer",0,0,0
"up2_Tg_product_K","k_perm_plast","up2","Polymer",0.116036206337774,0.116036206337774,0.635556476985228
"up2_Tg_product_K","k_perm_bind","up2","Polymer",-0.0767277918207398,0.0767277918207398,0.345732526109314
"up2_Tg_product_K","T_bp_solv","up2","Polymer",-3.1303694845546,3.1303694845546,4.98151579195831
"up2_X_moisture","v_tip","up1","Process",0,0,0
"up2_X_moisture","tau_mix","up1","Process",0,0,0
"up2_X_moisture","P_mix","up1","Process",7.11872900876947e-05,7.11872900876947e-05,0.000389908845886943
"up2_X_moisture","T_mix","up1","Process",4.94322147288264e-05,4.94322147288264e-05,0.000270751390744174
"up2_X_moisture","C_gas_diss_temp","up1","Process",0,0,0
"up2_X_moisture","Q_gas","up1","Process",0,0,0
"up2_X_moisture","Q_colloid","up1","Process",8.46351285797915e-05,8.46351285797915e-05,0.000407468758434311
"up2_X_moisture","Q_template","up1","Process",-0.000433191606600344,0.000433191606600344,0.00117946908933369
"up2_X_moisture","C_solid_mass","up1","Polymer",0.000405161899497233,0.000405161899497233,0.000970491537866391
"up2_X_moisture","C_temp_mass","up1","Polymer",9.32479823969693e-16,9.32479823969693e-16,5.10740234006648e-15
"up2_X_moisture","D_particle","up1","Polymer",3.61198483871538e-07,3.61198483871538e-07,1.97836557353107e-06
"up2_X_moisture","D_template","up1","Polymer",-2.1555403707596e-08,2.1555403707596e-08,9.2290224131912e-08
"up2_X_moisture","C_binder","up1","Polymer",0,0,0
"up2_X_moisture","C_monomer","up1","Polymer",-0.000103426697623731,0.000103426697623731,0.000566491353367835
"up2_X_moisture","C_plasticizer","up1","Polymer",-0.000181035042625313,0.000181035042625313,0.000991569765447931
"up2_X_moisture","C_surfactant","up1","Surface",0,0,0
"up2_X_moisture","CMC","up1","Surface",0,0,0
"up2_X_moisture","HLB","up1","Surface",-2.12604709262708e-07,2.12604709262708e-07,1.16448395095013e-06
"up2_X_moisture","MW_surfactant","up1","Surface",5.34180583532585e-05,5.34180583532585e-05,0.000292582755382069
"up2_X_moisture","A_molecule","up1","Surface",0,0,0
"up2_X_moisture","D_surf","up1","Surface",1.3907318511507e-11,1.3907318511507e-11,7.61735206316157e-11
"up2_X_moisture","ionic_strength","up1","Surface",-6.16752252241284e-07,6.16752252241284e-07,3.37809120944668e-06
"up2_X_moisture","Delta_pH","up1","Surface",8.10266420192289e-07,8.10266420192289e-07,4.43801195928276e-06
"up2_X_moisture","template_dose","up1","Polymer",0,0,0
"up2_X_moisture","ALR","up2","Process",0,0,0
"up2_X_moisture","P_atom_air","up2","Process",-0.000118000869465483,0.000118000869465483,0.000646317380114675
"up2_X_moisture","P_feed","up2","Process",0,0,0
"up2_X_moisture","mdot_L","up2","Process",7.73572949332713e-05,7.73572949332713e-05,0.000423703354225328
"up2_X_moisture","sigma","up2","Surface",5.05729792849046e-05,5.05729792849046e-05,0.000276999615545837
"up2_X_moisture","mu_L","up2","Polymer",0,0,0
"up2_X_moisture","T_dryer_in","up2","Process",-0.000148544585020966,0.000148544585020966,0.000813612200112271
"up2_X_moisture","mdot_gas_dry","up2","Process",-3.89390790876536e-06,3.89390790876536e-06,2.13278119847856e-05
"up2_X_moisture","Y_in","up2","Process",1.56111613654877e-06,1.56111613654877e-06,8.55058522873076e-06
"up2_X_moisture","t_hold","up2","Process",0,0,0
"up2_X_moisture","D_b","up2","Process",0,0,0
"up2_X_moisture","Tg_polymer","up2","Polymer",0,0,0
"up2_X_moisture","n_flow","up2","Polymer",0.000170854587804309,0.000170854587804309,0.000665491864630343
"up2_X_moisture","k_perm_mono","up2","Polymer",0,0,0
"up2_X_moisture","k_perm_plast","up2","Polymer",-0.000193358618287779,0.000193358618287779,0.00105906876924247
"up2_X_moisture","k_perm_bind","up2","Polymer",0.000138446908960096,0.000138446908960096,0.000618989610795963
"up2_X_moisture","T_bp_solv","up2","Polymer",0.00011146330913179,0.00011146330913179,0.000546656680950116
"up2_Perm_shell_rel","v_tip","up1","Process",0,0,0
"up2_Perm_shell_rel","tau_mix","up1","Process",0.117720458803666,0.117720458803666,0.352506960657334
"up2_Perm_shell_rel","P_mix","up1","Process",0,0,0
"up2_Perm_shell_rel","T_mix","up1","Process",0.026520830949934,0.026520830949934,0.0456027540766923
"up2_Perm_shell_rel","C_gas_diss_temp","up1","Process",0,0,0
"up2_Perm_shell_rel","Q_gas","up1","Process",0,0,0
"up2_Perm_shell_rel","Q_colloid","up1","Process",0.0883745257792703,0.0883745257792703,0.174001340434844
"up2_Perm_shell_rel","Q_template","up1","Process",-0.115676115458572,0.115676115458572,0.216387870704503
"up2_Perm_shell_rel","C_solid_mass","up1","Polymer",0.229144305996432,0.229144305996432,0.427553605094184
"up2_Perm_shell_rel","C_temp_mass","up1","Polymer",0,0,0
"up2_Perm_shell_rel","D_particle","up1","Polymer",-0.141184508120957,0.141184508120957,0.313391583022283
"up2_Perm_shell_rel","D_template","up1","Polymer",0,0,0
"up2_Perm_shell_rel","C_binder","up1","Polymer",-2.62902882761018,2.62902882761018,3.32224911416838
"up2_Perm_shell_rel","C_monomer","up1","Polymer",3.62843374922474,3.62843374922474,5.50660163655264
"up2_Perm_shell_rel","C_plasticizer","up1","Polymer",2.30924482153756,2.30924482153756,2.82219175830175
"up2_Perm_shell_rel","C_surfactant","up1","Surface",0,0,0
"up2_Perm_shell_rel","CMC","up1","Surface",0,0,0
"up2_Perm_shell_rel","HLB","up1","Surface",0,0,0
"up2_Perm_shell_rel","MW_surfactant","up1","Surface",0,0,0
"up2_Perm_shell_rel","A_molecule","up1","Surface",0,0,0
"up2_Perm_shell_rel","D_surf","up1","Surface",0,0,0
"up2_Perm_shell_rel","ionic_strength","up1","Surface",0,0,0
"up2_Perm_shell_rel","Delta_pH","up1","Surface",0,0,0
"up2_Perm_shell_rel","template_dose","up1","Polymer",0.275844212975324,0.275844212975324,0.480641650536442
"up2_Perm_shell_rel","ALR","up2","Process",0,0,0
"up2_Perm_shell_rel","P_atom_air","up2","Process",0,0,0
"up2_Perm_shell_rel","P_feed","up2","Process",0,0,0
"up2_Perm_shell_rel","mdot_L","up2","Process",0,0,0
"up2_Perm_shell_rel","sigma","up2","Surface",0,0,0
"up2_Perm_shell_rel","mu_L","up2","Polymer",0,0,0
"up2_Perm_shell_rel","T_dryer_in","up2","Process",0,0,0
"up2_Perm_shell_rel","mdot_gas_dry","up2","Process",0,0,0
"up2_Perm_shell_rel","Y_in","up2","Process",0,0,0
"up2_Perm_shell_rel","t_hold","up2","Process",0,0,0
"up2_Perm_shell_rel","D_b","up2","Process",0,0,0
"up2_Perm_shell_rel","Tg_polymer","up2","Polymer",0,0,0
"up2_Perm_shell_rel","n_flow","up2","Polymer",0,0,0
"up2_Perm_shell_rel","k_perm_mono","up2","Polymer",2.2125382977421,2.2125382977421,2.91815241339489
"up2_Perm_shell_rel","k_perm_plast","up2","Polymer",4.05143841589576,4.05143841589576,4.56532674664772
"up2_Perm_shell_rel","k_perm_bind","up2","Polymer",-4.98622582935788,4.98622582935788,7.44900541023417
"up2_Perm_shell_rel","T_bp_solv","up2","Polymer",0,0,0
"up2_D_pore_um","v_tip","up1","Process",0.0461702040826347,0.0483238295246254,0.153884917630769
"up2_D_pore_um","tau_mix","up1","Process",-0.00100028816768097,0.00170647798991371,0.00326703702114937
"up2_D_pore_um","P_mix","up1","Process",-0.000559424887055974,0.000592155787544306,0.00219830515818053
"up2_D_pore_um","T_mix","up1","Process",-0.0180040814574631,0.0180040814574631,0.0165986210677727
"up2_D_pore_um","C_gas_diss_temp","up1","Process",-0.000207882430963095,0.000508489528055556,0.00211566909266196
"up2_D_pore_um","Q_gas","up1","Process",9.06151803190092e-05,0.000115904013839739,0.000466616608507678
"up2_D_pore_um","Q_colloid","up1","Process",-0.00222633774263542,0.00287091921807864,0.00469112586098679
"up2_D_pore_um","Q_template","up1","Process",-0.0237027150097081,0.0279337553554163,0.104503063484567
"up2_D_pore_um","C_solid_mass","up1","Polymer",0.0276993580929228,0.0368622943927682,0.0997399507079643
"up2_D_pore_um","C_temp_mass","up1","Polymer",5.74188844619054e-14,6.4387384313136e-14,2.52122760783047e-13
"up2_D_pore_um","D_particle","up1","Polymer",0.00145146879655351,0.00145146879655351,0.00239773840968467
"up2_D_pore_um","D_template","up1","Polymer",0.91477799056988,0.917107659014623,0.451798422056047
"up2_D_pore_um","C_binder","up1","Polymer",0.0575182273031334,0.0670346210042556,0.0666124944327783
"up2_D_pore_um","C_monomer","up1","Polymer",-0.08207550533559,0.08207550533559,0.0560106994150719
"up2_D_pore_um","C_plasticizer","up1","Polymer",-0.0756358813311931,0.0756358813311931,0.0530855251869221
"up2_D_pore_um","C_surfactant","up1","Surface",-0.472039215414582,0.472039215414582,0.526048552144317
"up2_D_pore_um","CMC","up1","Surface",-0.000540722038752445,0.000540762287751158,0.0029504955262935
"up2_D_pore_um","HLB","up1","Surface",4.85428886022978e-05,7.44650747322967e-05,0.000340992613705888
"up2_D_pore_um","MW_surfactant","up1","Surface",0.270784633483579,0.27231272636981,0.333082340573842
"up2_D_pore_um","A_molecule","up1","Surface",-0.165055088287143,0.165116659036264,0.318472863984848
"up2_D_pore_um","D_surf","up1","Surface",-2.12084237620943e-08,2.2652443353958e-08,1.15338310811755e-07
"up2_D_pore_um","ionic_strength","up1","Surface",0.0246466618886741,0.0291434734497238,0.078669318608312
"up2_D_pore_um","Delta_pH","up1","Surface",-0.0441381663177294,0.04797626002274,0.118091727650698
"up2_D_pore_um","template_dose","up1","Polymer",-0.00705774512370427,0.0170122831572063,0.0366535494226267
"up2_D_pore_um","ALR","up2","Process",0,0,0
"up2_D_pore_um","P_atom_air","up2","Process",1.29893156702865e-08,1.29893156702865e-08,7.11454119917125e-08
"up2_D_pore_um","P_feed","up2","Process",0,0,0
"up2_D_pore_um","mdot_L","up2","Process",0.0162690639162787,0.0164119356632841,0.0221795080072884
"up2_D_pore_um","sigma","up2","Surface",-5.67765672624769e-09,5.67765672624769e-09,3.10978066273679e-08
"up2_D_pore_um","mu_L","up2","Polymer",0.0160374069205573,0.016117540927643,0.0118876696198198
"up2_D_pore_um","T_dryer_in","up2","Process",-0.0309687194073411,0.0333787906106159,0.040978936203127
"up2_D_pore_um","mdot_gas_dry","up2","Process",-0.0229019790524434,0.0232871839071687,0.0346668451729314
"up2_D_pore_um","Y_in","up2","Process",-0.000147358616157928,0.000148880074840885,0.00033502299322478
"up2_D_pore_um","t_hold","up2","Process",1.04732143592729,1.04732143592729,0.737862687252238
"up2_D_pore_um","D_b","up2","Process",0,0,0
"up2_D_pore_um","Tg_polymer","up2","Polymer",0.010397302972678,0.0116017782574342,0.0171177140612644
"up2_D_pore_um","n_flow","up2","Polymer",-3.0975764401836e-06,3.0975764401836e-06,1.69247436659549e-05
"up2_D_pore_um","k_perm_mono","up2","Polymer",-0.0514234683838598,0.051791313350364,0.0502290749676457
"up2_D_pore_um","k_perm_plast","up2","Polymer",-0.102413020344258,0.102817208860669,0.0793162938938124
"up2_D_pore_um","k_perm_bind","up2","Polymer",0.0885692452433176,0.0889044221304706,0.0623223763578796
"up2_D_pore_um","T_bp_solv","up2","Polymer",0.0602360115786927,0.0602360115786927,0.0766387951125104
"up2_solv_retained","v_tip","up1","Process",0,0,0
"up2_solv_retained","tau_mix","up1","Process",3.33425373140508e-05,3.33425373140508e-05,7.93337878964446e-05
"up2_solv_retained","P_mix","up1","Process",0,0,0
"up2_solv_retained","T_mix","up1","Process",-0.0232412361950984,0.0232412361950984,0.0537429792635626
"up2_solv_retained","C_gas_diss_temp","up1","Process",0,0,0
"up2_solv_retained","Q_gas","up1","Process",0,0,0
"up2_solv_retained","Q_colloid","up1","Process",-0.00230622699227705,0.00230622699227705,0.00475177080153675
"up2_solv_retained","Q_template","up1","Process",0.0047034181256249,0.0047034181256249,0.0106777991848972
"up2_solv_retained","C_solid_mass","up1","Polymer",-0.00781565890681813,0.00781565890681813,0.0210886145427499
"up2_solv_retained","C_temp_mass","up1","Polymer",0,0,0
"up2_solv_retained","D_particle","up1","Polymer",-6.13187499267069e-05,6.13187499267069e-05,0.000149148566163227
"up2_solv_retained","D_template","up1","Polymer",0,0,0
"up2_solv_retained","C_binder","up1","Polymer",0,0,0
"up2_solv_retained","C_monomer","up1","Polymer",1.11508466684821e-05,1.11508466684821e-05,3.81626903230317e-05
"up2_solv_retained","C_plasticizer","up1","Polymer",1.58735540839514e-05,1.58735540839514e-05,4.56741247091905e-05
"up2_solv_retained","C_surfactant","up1","Surface",0,0,0
"up2_solv_retained","CMC","up1","Surface",0,0,0
"up2_solv_retained","HLB","up1","Surface",0,0,0
"up2_solv_retained","MW_surfactant","up1","Surface",0,0,0
"up2_solv_retained","A_molecule","up1","Surface",0,0,0
"up2_solv_retained","D_surf","up1","Surface",0,0,0
"up2_solv_retained","ionic_strength","up1","Surface",0,0,0
"up2_solv_retained","Delta_pH","up1","Surface",0,0,0
"up2_solv_retained","template_dose","up1","Polymer",-0.00473328539795159,0.00473328539795159,0.0130949477114442
"up2_solv_retained","ALR","up2","Process",0,0,0
"up2_solv_retained","P_atom_air","up2","Process",0,0,0
"up2_solv_retained","P_feed","up2","Process",0,0,0
"up2_solv_retained","mdot_L","up2","Process",0.0195977715328625,0.0195977715328625,0.0282921255532633
"up2_solv_retained","sigma","up2","Surface",0,0,0
"up2_solv_retained","mu_L","up2","Polymer",0,0,0
"up2_solv_retained","T_dryer_in","up2","Process",-0.071612632251094,0.071612632251094,0.132496676865653
"up2_solv_retained","mdot_gas_dry","up2","Process",-0.0292612188445746,0.0292612188445746,0.053707740063741
"up2_solv_retained","Y_in","up2","Process",0,0,0
"up2_solv_retained","t_hold","up2","Process",0,0,0
"up2_solv_retained","D_b","up2","Process",0,0,0
"up2_solv_retained","Tg_polymer","up2","Polymer",0,0,0
"up2_solv_retained","n_flow","up2","Polymer",0,0,0
"up2_solv_retained","k_perm_mono","up2","Polymer",0,0,0
"up2_solv_retained","k_perm_plast","up2","Polymer",0,0,0
"up2_solv_retained","k_perm_bind","up2","Polymer",0,0,0
"up2_solv_retained","T_bp_solv","up2","Polymer",0.140582258044393,0.140582258044393,0.202681658839009
"up2_f_burst_solv","v_tip","up1","Process",0.0107205818620336,0.0201123252914363,0.0790622989434406
"up2_f_burst_solv","tau_mix","up1","Process",-0.00127774192587217,0.0017089321209579,0.00499125622439203
"up2_f_burst_solv","P_mix","up1","Process",2.30816135170838e-05,5.83010373162927e-05,0.000204889967923668
"up2_f_burst_solv","T_mix","up1","Process",0.0485187950789923,0.0485187950789923,0.0478852897327371
"up2_f_burst_solv","C_gas_diss_temp","up1","Process",-0.000261476794170528,0.000262251745323224,0.00134561212162979
"up2_f_burst_solv","Q_gas","up1","Process",-0.000219205537854949,0.000221193009428945,0.000997400884532507
"up2_f_burst_solv","Q_colloid","up1","Process",0.00626705313898962,0.00626705313898962,0.0154760830590774
"up2_f_burst_solv","Q_template","up1","Process",-0.00703167649260432,0.00825822998276248,0.0154863066422011
"up2_f_burst_solv","C_solid_mass","up1","Polymer",0.00626407049662362,0.00785979159282669,0.0132444583558277
"up2_f_burst_solv","C_temp_mass","up1","Polymer",7.10161886594781e-14,9.02313602185885e-14,4.06722181424891e-13
"up2_f_burst_solv","D_particle","up1","Polymer",0.000419139257500111,0.000836765370493223,0.00197009713696853
"up2_f_burst_solv","D_template","up1","Polymer",-0.000448648758237035,0.000470694040298929,0.00124887684576969
"up2_f_burst_solv","C_binder","up1","Polymer",0.126907097924417,0.126907097924417,0.141015755463662
"up2_f_burst_solv","C_monomer","up1","Polymer",-0.0406120424812028,0.0695955890593094,0.101467253330311
"up2_f_burst_solv","C_plasticizer","up1","Polymer",0.0258224677973869,0.0503759566753195,0.0781239953742074
"up2_f_burst_solv","C_surfactant","up1","Surface",-0.116321908877476,0.116321908877476,0.165175354598516
"up2_f_burst_solv","CMC","up1","Surface",-4.640691225672e-05,4.64333307867795e-05,0.000254229376492227
"up2_f_burst_solv","HLB","up1","Surface",-0.000128978323651656,0.000245398863256062,0.00101691686265159
"up2_f_burst_solv","MW_surfactant","up1","Surface",0.0290690717793995,0.0316208322247949,0.0620527326190162
"up2_f_burst_solv","A_molecule","up1","Surface",-0.0188003807759865,0.0233241376752986,0.0431585601612633
"up2_f_burst_solv","D_surf","up1","Surface",-6.16445848613106e-10,8.26313410087952e-10,2.20218367774927e-09
"up2_f_burst_solv","ionic_strength","up1","Surface",0.0145107332186033,0.0177557318285722,0.0305661657402832
"up2_f_burst_solv","Delta_pH","up1","Surface",-0.0120847477204158,0.023165306553624,0.042319261736784
"up2_f_burst_solv","template_dose","up1","Polymer",0.00659131593561292,0.0067826187353844,0.00816025611132857
"up2_f_burst_solv","ALR","up2","Process",0,0,0
"up2_f_burst_solv","P_atom_air","up2","Process",-6.42367159238165e-07,6.42367159238165e-07,3.51838983315256e-06
"up2_f_burst_solv","P_feed","up2","Process",0,0,0
"up2_f_burst_solv","mdot_L","up2","Process",-0.0973663395578527,0.0973663395578527,0.0794632948521847
"up2_f_burst_solv","sigma","up2","Surface",2.80780074562278e-07,2.80780074562278e-07,1.53789580535742e-06
"up2_f_burst_solv","mu_L","up2","Polymer",0.0177564149229108,0.0177564149229108,0.0218939051166292
"up2_f_burst_solv","T_dryer_in","up2","Process",0.200419270216273,0.200419270216273,0.152437899076897
"up2_f_burst_solv","mdot_gas_dry","up2","Process",0.109460785871554,0.109460785871554,0.103336901258658
"up2_f_burst_solv","Y_in","up2","Process",-9.92093612793248e-05,9.92093612793248e-05,0.000193621706633172
"up2_f_burst_solv","t_hold","up2","Process",0,0,0
"up2_f_burst_solv","D_b","up2","Process",0,0,0
"up2_f_burst_solv","Tg_polymer","up2","Polymer",-0.0764724720245193,0.0764724720245193,0.106129630696046
"up2_f_burst_solv","n_flow","up2","Polymer",1.92701468120231e-05,1.92701468120231e-05,0.000103517078687447
"up2_f_burst_solv","k_perm_mono","up2","Polymer",-0.0543548402677341,0.0543548402677341,0.0824803232341788
"up2_f_burst_solv","k_perm_plast","up2","Polymer",-0.131511885978125,0.131511885978125,0.157856631917772
"up2_f_burst_solv","k_perm_bind","up2","Polymer",0.0716766829513954,0.0716766829513954,0.0824715739556892
"up2_f_burst_solv","T_bp_solv","up2","Polymer",-0.276801608138755,0.276801608138755,0.239776091326994
"up2_sigma_y_cake_MPa","v_tip","up1","Process",-0.0265758109207505,0.0299156410158392,0.0787131425223006
"up2_sigma_y_cake_MPa","tau_mix","up1","Process",-0.00261367433474735,0.00306854373055549,0.00536819244173646
"up2_sigma_y_cake_MPa","P_mix","up1","Process",0.000254230991154204,0.000291757300836851,0.00118946787175198
"up2_sigma_y_cake_MPa","T_mix","up1","Process",-0.042876939780347,0.042876939780347,0.0739586824095558
"up2_sigma_y_cake_MPa","C_gas_diss_temp","up1","Process",0.000397879188088232,0.000483598555852461,0.00176718973903502
"up2_sigma_y_cake_MPa","Q_gas","up1","Process",-1.78211798424329e-05,3.58670302612316e-05,0.000133387542973942
"up2_sigma_y_cake_MPa","Q_colloid","up1","Process",-0.00969400601600255,0.00969400601600255,0.0152784681526127
"up2_sigma_y_cake_MPa","Q_template","up1","Process",0.0176321986460993,0.0179855154623859,0.0402564478533323
"up2_sigma_y_cake_MPa","C_solid_mass","up1","Polymer",-0.0335759428272464,0.0340554437292099,0.0749309019843271
"up2_sigma_y_cake_MPa","C_temp_mass","up1","Polymer",3.43227761027502e-14,3.54140328173713e-14,1.33219188050716e-13
"up2_sigma_y_cake_MPa","D_particle","up1","Polymer",0.00226695262304554,0.00226695262304554,0.0032710963427016
"up2_sigma_y_cake_MPa","D_template","up1","Polymer",0.00255625849073814,0.00258038232772635,0.00917959904771715
"up2_sigma_y_cake_MPa","C_binder","up1","Polymer",-0.0982082775422566,0.0982082775422566,0.0887859200373815
"up2_sigma_y_cake_MPa","C_monomer","up1","Polymer",-0.347921653061284,0.347921653061284,0.507807409924469
"up2_sigma_y_cake_MPa","C_plasticizer","up1","Polymer",-0.496037428785738,0.496037428785738,0.611585439323397
"up2_sigma_y_cake_MPa","C_surfactant","up1","Surface",0.359365264705768,0.359696915646716,0.345771273467102
"up2_sigma_y_cake_MPa","CMC","up1","Surface",0.000330698157904913,0.000330798365822877,0.00180794071842486
"up2_sigma_y_cake_MPa","HLB","up1","Surface",4.61743801441354e-05,8.15991580559718e-05,0.000341749856136388
"up2_sigma_y_cake_MPa","MW_surfactant","up1","Surface",-0.207639031564896,0.210522828675855,0.417327049775974
"up2_sigma_y_cake_MPa","A_molecule","up1","Surface",0.0813389139058781,0.0833011007716006,0.152741536054693
"up2_sigma_y_cake_MPa","D_surf","up1","Surface",6.9480265395272e-09,6.98651598310396e-09,3.63248067274007e-08
"up2_sigma_y_cake_MPa","ionic_strength","up1","Surface",-0.0458654692671266,0.0485486822272949,0.0814251169516463
"up2_sigma_y_cake_MPa","Delta_pH","up1","Surface",0.040536250142192,0.0671359321042713,0.0971177980943558
"up2_sigma_y_cake_MPa","template_dose","up1","Polymer",-0.0164133749330166,0.017320095839121,0.021018769302335
"up2_sigma_y_cake_MPa","ALR","up2","Process",0,0,0
"up2_sigma_y_cake_MPa","P_atom_air","up2","Process",0.000732164743893813,0.000732164743893813,0.00401023146040634
"up2_sigma_y_cake_MPa","P_feed","up2","Process",0,0,0
"up2_sigma_y_cake_MPa","mdot_L","up2","Process",0.0872105721373513,0.0872105721373513,0.20717432190117
"up2_sigma_y_cake_MPa","sigma","up2","Surface",-0.000326847722685328,0.000326847722685328,0.00179021870583947
"up2_sigma_y_cake_MPa","mu_L","up2","Polymer",0,0,0
"up2_sigma_y_cake_MPa","T_dryer_in","up2","Process",-0.132545956319504,0.132545956319504,0.202202565062575
"up2_sigma_y_cake_MPa","mdot_gas_dry","up2","Process",-0.0691898908756384,0.0691898908756384,0.135552631343791
"up2_sigma_y_cake_MPa","Y_in","up2","Process",-6.36505826331439e-07,6.36505826331439e-07,3.48628599065195e-06
"up2_sigma_y_cake_MPa","t_hold","up2","Process",0,0,0
"up2_sigma_y_cake_MPa","D_b","up2","Process",0,0,0
"up2_sigma_y_cake_MPa","Tg_polymer","up2","Polymer",0.807884539945019,0.807884539945019,1.19963387495441
"up2_sigma_y_cake_MPa","n_flow","up2","Polymer",-0.000424002007163343,0.000424002007163343,0.00221884237976466
"up2_sigma_y_cake_MPa","k_perm_mono","up2","Polymer",0,0,0
"up2_sigma_y_cake_MPa","k_perm_plast","up2","Polymer",0.000611197405082886,0.000611197405082886,0.00334766605852519
"up2_sigma_y_cake_MPa","k_perm_bind","up2","Polymer",-7.20878906240785e-05,7.20878906240785e-05,0.000278976869504265
"up2_sigma_y_cake_MPa","T_bp_solv","up2","Polymer",-0.0189302504335645,0.0189302504335645,0.0615948659053635
